 
****************************************
Report : timing
        -path full
        -delay max
        -max_paths 10
Design : FIR_IIR
Version: G-2012.06-SP2
Date   : Fri Dec  6 04:12:47 2019
****************************************

 # A fanout number of 1000 was used for high fanout net computations.

Operating Conditions: worst_low   Library: NangateOpenCellLibrary_ss0p95vn40c
Wire Load Model Mode: top

  Startpoint: fractional/FIR/prod_stage_reg[148][0]
              (rising edge-triggered flip-flop clocked by clk)
  Endpoint: fractional/FIR/dout_reg[31]
            (rising edge-triggered flip-flop clocked by clk)
  Path Group: clk
  Path Type: max

  Des/Clust/Port     Wire Load Model       Library
  ------------------------------------------------
  FIR_IIR            5K_hvratio_1_1        NangateOpenCellLibrary_ss0p95vn40c

  Point                                                   Incr       Path
  --------------------------------------------------------------------------
  clock clk (rise edge)                                   0.00       0.00
  clock network delay (ideal)                             0.00       0.00
  fractional/FIR/prod_stage_reg[148][0]/CK (DFF_X1)       0.00 #     0.00 r
  fractional/FIR/prod_stage_reg[148][0]/Q (DFF_X1)        0.08       0.08 r
  fractional/FIR/add_157_root_add_0_root_add_62_I249/A[0] (FIR_compensator_pipelined_DATA_WIDTH32_COEFF_WIDTH32_TAPS250_COEFF_FRAC15_DW01_add_222)
                                                          0.00       0.08 r
  fractional/FIR/add_157_root_add_0_root_add_62_I249/U2/ZN (AND2_X1)
                                                          0.05       0.13 r
  fractional/FIR/add_157_root_add_0_root_add_62_I249/U1_1/S (FA_X1)
                                                          0.10       0.23 f
  fractional/FIR/add_157_root_add_0_root_add_62_I249/SUM[1] (FIR_compensator_pipelined_DATA_WIDTH32_COEFF_WIDTH32_TAPS250_COEFF_FRAC15_DW01_add_222)
                                                          0.00       0.23 f
  fractional/FIR/add_81_root_add_0_root_add_62_I249/B[1] (FIR_compensator_pipelined_DATA_WIDTH32_COEFF_WIDTH32_TAPS250_COEFF_FRAC15_DW01_add_221)
                                                          0.00       0.23 f
  fractional/FIR/add_81_root_add_0_root_add_62_I249/U1_1/S (FA_X1)
                                                          0.13       0.36 r
  fractional/FIR/add_81_root_add_0_root_add_62_I249/SUM[1] (FIR_compensator_pipelined_DATA_WIDTH32_COEFF_WIDTH32_TAPS250_COEFF_FRAC15_DW01_add_221)
                                                          0.00       0.36 r
  fractional/FIR/add_42_root_add_0_root_add_62_I249/B[1] (FIR_compensator_pipelined_DATA_WIDTH32_COEFF_WIDTH32_TAPS250_COEFF_FRAC15_DW01_add_220)
                                                          0.00       0.36 r
  fractional/FIR/add_42_root_add_0_root_add_62_I249/U1_1/S (FA_X1)
                                                          0.11       0.48 f
  fractional/FIR/add_42_root_add_0_root_add_62_I249/SUM[1] (FIR_compensator_pipelined_DATA_WIDTH32_COEFF_WIDTH32_TAPS250_COEFF_FRAC15_DW01_add_220)
                                                          0.00       0.48 f
  fractional/FIR/add_18_root_add_0_root_add_62_I249/B[1] (FIR_compensator_pipelined_DATA_WIDTH32_COEFF_WIDTH32_TAPS250_COEFF_FRAC15_DW01_add_219)
                                                          0.00       0.48 f
  fractional/FIR/add_18_root_add_0_root_add_62_I249/U1_1/S (FA_X1)
                                                          0.13       0.61 r
  fractional/FIR/add_18_root_add_0_root_add_62_I249/SUM[1] (FIR_compensator_pipelined_DATA_WIDTH32_COEFF_WIDTH32_TAPS250_COEFF_FRAC15_DW01_add_219)
                                                          0.00       0.61 r
  fractional/FIR/add_11_root_add_0_root_add_62_I249/B[1] (FIR_compensator_pipelined_DATA_WIDTH32_COEFF_WIDTH32_TAPS250_COEFF_FRAC15_DW01_add_218)
                                                          0.00       0.61 r
  fractional/FIR/add_11_root_add_0_root_add_62_I249/U1_1/S (FA_X1)
                                                          0.11       0.72 f
  fractional/FIR/add_11_root_add_0_root_add_62_I249/SUM[1] (FIR_compensator_pipelined_DATA_WIDTH32_COEFF_WIDTH32_TAPS250_COEFF_FRAC15_DW01_add_218)
                                                          0.00       0.72 f
  fractional/FIR/add_3_root_add_0_root_add_62_I249/B[1] (FIR_compensator_pipelined_DATA_WIDTH32_COEFF_WIDTH32_TAPS250_COEFF_FRAC15_DW01_add_3)
                                                          0.00       0.72 f
  fractional/FIR/add_3_root_add_0_root_add_62_I249/U1_1/CO (FA_X1)
                                                          0.09       0.81 f
  fractional/FIR/add_3_root_add_0_root_add_62_I249/U1_2/CO (FA_X1)
                                                          0.08       0.90 f
  fractional/FIR/add_3_root_add_0_root_add_62_I249/U1_3/CO (FA_X1)
                                                          0.08       0.98 f
  fractional/FIR/add_3_root_add_0_root_add_62_I249/U1_4/CO (FA_X1)
                                                          0.08       1.06 f
  fractional/FIR/add_3_root_add_0_root_add_62_I249/U1_5/CO (FA_X1)
                                                          0.08       1.14 f
  fractional/FIR/add_3_root_add_0_root_add_62_I249/U1_6/CO (FA_X1)
                                                          0.08       1.22 f
  fractional/FIR/add_3_root_add_0_root_add_62_I249/U1_7/CO (FA_X1)
                                                          0.08       1.30 f
  fractional/FIR/add_3_root_add_0_root_add_62_I249/U1_8/CO (FA_X1)
                                                          0.08       1.38 f
  fractional/FIR/add_3_root_add_0_root_add_62_I249/U1_9/CO (FA_X1)
                                                          0.08       1.47 f
  fractional/FIR/add_3_root_add_0_root_add_62_I249/U1_10/CO (FA_X1)
                                                          0.08       1.55 f
  fractional/FIR/add_3_root_add_0_root_add_62_I249/U1_11/S (FA_X1)
                                                          0.12       1.67 r
  fractional/FIR/add_3_root_add_0_root_add_62_I249/SUM[11] (FIR_compensator_pipelined_DATA_WIDTH32_COEFF_WIDTH32_TAPS250_COEFF_FRAC15_DW01_add_3)
                                                          0.00       1.67 r
  fractional/FIR/add_2_root_add_0_root_add_62_I249/B[11] (FIR_compensator_pipelined_DATA_WIDTH32_COEFF_WIDTH32_TAPS250_COEFF_FRAC15_DW01_add_2)
                                                          0.00       1.67 r
  fractional/FIR/add_2_root_add_0_root_add_62_I249/U1_11/S (FA_X1)
                                                          0.11       1.78 f
  fractional/FIR/add_2_root_add_0_root_add_62_I249/SUM[11] (FIR_compensator_pipelined_DATA_WIDTH32_COEFF_WIDTH32_TAPS250_COEFF_FRAC15_DW01_add_2)
                                                          0.00       1.78 f
  fractional/FIR/add_0_root_add_0_root_add_62_I249/A[11] (FIR_compensator_pipelined_DATA_WIDTH32_COEFF_WIDTH32_TAPS250_COEFF_FRAC15_DW01_add_0)
                                                          0.00       1.78 f
  fractional/FIR/add_0_root_add_0_root_add_62_I249/U34/ZN (OAI21_X1)
                                                          0.04       1.82 r
  fractional/FIR/add_0_root_add_0_root_add_62_I249/U22/ZN (INV_X1)
                                                          0.02       1.84 f
  fractional/FIR/add_0_root_add_0_root_add_62_I249/U33/ZN (AOI21_X1)
                                                          0.05       1.89 r
  fractional/FIR/add_0_root_add_0_root_add_62_I249/U23/ZN (INV_X1)
                                                          0.03       1.92 f
  fractional/FIR/add_0_root_add_0_root_add_62_I249/U32/ZN (OAI21_X1)
                                                          0.04       1.95 r
  fractional/FIR/add_0_root_add_0_root_add_62_I249/U31/ZN (OAI21_X1)
                                                          0.04       1.99 f
  fractional/FIR/add_0_root_add_0_root_add_62_I249/U30/ZN (OAI21_X1)
                                                          0.04       2.03 r
  fractional/FIR/add_0_root_add_0_root_add_62_I249/U3/ZN (INV_X1)
                                                          0.02       2.06 f
  fractional/FIR/add_0_root_add_0_root_add_62_I249/U29/ZN (AOI21_X1)
                                                          0.05       2.10 r
  fractional/FIR/add_0_root_add_0_root_add_62_I249/U1/ZN (INV_X1)
                                                          0.03       2.13 f
  fractional/FIR/add_0_root_add_0_root_add_62_I249/U28/ZN (OAI21_X1)
                                                          0.04       2.17 r
  fractional/FIR/add_0_root_add_0_root_add_62_I249/U27/ZN (OAI21_X1)
                                                          0.04       2.20 f
  fractional/FIR/add_0_root_add_0_root_add_62_I249/U1_15/CO (FA_X1)
                                                          0.08       2.28 f
  fractional/FIR/add_0_root_add_0_root_add_62_I249/U1_16/CO (FA_X1)
                                                          0.08       2.37 f
  fractional/FIR/add_0_root_add_0_root_add_62_I249/U1_17/CO (FA_X1)
                                                          0.08       2.45 f
  fractional/FIR/add_0_root_add_0_root_add_62_I249/U1_18/CO (FA_X1)
                                                          0.08       2.53 f
  fractional/FIR/add_0_root_add_0_root_add_62_I249/U1_19/CO (FA_X1)
                                                          0.08       2.61 f
  fractional/FIR/add_0_root_add_0_root_add_62_I249/U1_20/CO (FA_X1)
                                                          0.08       2.69 f
  fractional/FIR/add_0_root_add_0_root_add_62_I249/U1_21/CO (FA_X1)
                                                          0.08       2.77 f
  fractional/FIR/add_0_root_add_0_root_add_62_I249/U1_22/CO (FA_X1)
                                                          0.08       2.85 f
  fractional/FIR/add_0_root_add_0_root_add_62_I249/U1_23/CO (FA_X1)
                                                          0.08       2.94 f
  fractional/FIR/add_0_root_add_0_root_add_62_I249/U1_24/CO (FA_X1)
                                                          0.08       3.02 f
  fractional/FIR/add_0_root_add_0_root_add_62_I249/U1_25/CO (FA_X1)
                                                          0.08       3.10 f
  fractional/FIR/add_0_root_add_0_root_add_62_I249/U1_26/CO (FA_X1)
                                                          0.08       3.18 f
  fractional/FIR/add_0_root_add_0_root_add_62_I249/U1_27/CO (FA_X1)
                                                          0.08       3.26 f
  fractional/FIR/add_0_root_add_0_root_add_62_I249/U1_28/CO (FA_X1)
                                                          0.08       3.34 f
  fractional/FIR/add_0_root_add_0_root_add_62_I249/U1_29/CO (FA_X1)
                                                          0.08       3.42 f
  fractional/FIR/add_0_root_add_0_root_add_62_I249/U1_30/CO (FA_X1)
                                                          0.08       3.51 f
  fractional/FIR/add_0_root_add_0_root_add_62_I249/U1_31/CO (FA_X1)
                                                          0.08       3.59 f
  fractional/FIR/add_0_root_add_0_root_add_62_I249/U1_32/CO (FA_X1)
                                                          0.08       3.67 f
  fractional/FIR/add_0_root_add_0_root_add_62_I249/U1_33/CO (FA_X1)
                                                          0.08       3.75 f
  fractional/FIR/add_0_root_add_0_root_add_62_I249/U1_34/CO (FA_X1)
                                                          0.08       3.83 f
  fractional/FIR/add_0_root_add_0_root_add_62_I249/U1_35/CO (FA_X1)
                                                          0.08       3.91 f
  fractional/FIR/add_0_root_add_0_root_add_62_I249/U1_36/CO (FA_X1)
                                                          0.08       4.00 f
  fractional/FIR/add_0_root_add_0_root_add_62_I249/U1_37/CO (FA_X1)
                                                          0.08       4.08 f
  fractional/FIR/add_0_root_add_0_root_add_62_I249/U1_38/CO (FA_X1)
                                                          0.08       4.16 f
  fractional/FIR/add_0_root_add_0_root_add_62_I249/U1_39/CO (FA_X1)
                                                          0.08       4.24 f
  fractional/FIR/add_0_root_add_0_root_add_62_I249/U1_40/CO (FA_X1)
                                                          0.08       4.32 f
  fractional/FIR/add_0_root_add_0_root_add_62_I249/U1_41/CO (FA_X1)
                                                          0.08       4.40 f
  fractional/FIR/add_0_root_add_0_root_add_62_I249/U1_42/CO (FA_X1)
                                                          0.08       4.48 f
  fractional/FIR/add_0_root_add_0_root_add_62_I249/U1_43/CO (FA_X1)
                                                          0.08       4.57 f
  fractional/FIR/add_0_root_add_0_root_add_62_I249/U1_44/CO (FA_X1)
                                                          0.08       4.65 f
  fractional/FIR/add_0_root_add_0_root_add_62_I249/U1_45/CO (FA_X1)
                                                          0.08       4.73 f
  fractional/FIR/add_0_root_add_0_root_add_62_I249/U1_46/S (FA_X1)
                                                          0.11       4.84 r
  fractional/FIR/add_0_root_add_0_root_add_62_I249/SUM[46] (FIR_compensator_pipelined_DATA_WIDTH32_COEFF_WIDTH32_TAPS250_COEFF_FRAC15_DW01_add_0)
                                                          0.00       4.84 r
  fractional/FIR/U2892/ZN (AOI22_X1)                      0.03       4.87 f
  fractional/FIR/U2891/ZN (INV_X1)                        0.02       4.89 r
  fractional/FIR/dout_reg[31]/D (DFF_X1)                  0.01       4.90 r
  data arrival time                                                  4.90

  clock clk (rise edge)                                   6.00       6.00
  clock network delay (ideal)                             0.00       6.00
  clock uncertainty                                      -0.35       5.65
  fractional/FIR/dout_reg[31]/CK (DFF_X1)                 0.00       5.65 r
  library setup time                                     -0.03       5.62
  data required time                                                 5.62
  --------------------------------------------------------------------------
  data required time                                                 5.62
  data arrival time                                                 -4.90
  --------------------------------------------------------------------------
  slack (MET)                                                        0.72


  Startpoint: fractional/FIR/prod_stage_reg[148][0]
              (rising edge-triggered flip-flop clocked by clk)
  Endpoint: fractional/FIR/dout_reg[30]
            (rising edge-triggered flip-flop clocked by clk)
  Path Group: clk
  Path Type: max

  Des/Clust/Port     Wire Load Model       Library
  ------------------------------------------------
  FIR_IIR            5K_hvratio_1_1        NangateOpenCellLibrary_ss0p95vn40c

  Point                                                   Incr       Path
  --------------------------------------------------------------------------
  clock clk (rise edge)                                   0.00       0.00
  clock network delay (ideal)                             0.00       0.00
  fractional/FIR/prod_stage_reg[148][0]/CK (DFF_X1)       0.00 #     0.00 r
  fractional/FIR/prod_stage_reg[148][0]/Q (DFF_X1)        0.08       0.08 r
  fractional/FIR/add_157_root_add_0_root_add_62_I249/A[0] (FIR_compensator_pipelined_DATA_WIDTH32_COEFF_WIDTH32_TAPS250_COEFF_FRAC15_DW01_add_222)
                                                          0.00       0.08 r
  fractional/FIR/add_157_root_add_0_root_add_62_I249/U2/ZN (AND2_X1)
                                                          0.05       0.13 r
  fractional/FIR/add_157_root_add_0_root_add_62_I249/U1_1/S (FA_X1)
                                                          0.10       0.23 f
  fractional/FIR/add_157_root_add_0_root_add_62_I249/SUM[1] (FIR_compensator_pipelined_DATA_WIDTH32_COEFF_WIDTH32_TAPS250_COEFF_FRAC15_DW01_add_222)
                                                          0.00       0.23 f
  fractional/FIR/add_81_root_add_0_root_add_62_I249/B[1] (FIR_compensator_pipelined_DATA_WIDTH32_COEFF_WIDTH32_TAPS250_COEFF_FRAC15_DW01_add_221)
                                                          0.00       0.23 f
  fractional/FIR/add_81_root_add_0_root_add_62_I249/U1_1/S (FA_X1)
                                                          0.13       0.36 r
  fractional/FIR/add_81_root_add_0_root_add_62_I249/SUM[1] (FIR_compensator_pipelined_DATA_WIDTH32_COEFF_WIDTH32_TAPS250_COEFF_FRAC15_DW01_add_221)
                                                          0.00       0.36 r
  fractional/FIR/add_42_root_add_0_root_add_62_I249/B[1] (FIR_compensator_pipelined_DATA_WIDTH32_COEFF_WIDTH32_TAPS250_COEFF_FRAC15_DW01_add_220)
                                                          0.00       0.36 r
  fractional/FIR/add_42_root_add_0_root_add_62_I249/U1_1/S (FA_X1)
                                                          0.11       0.48 f
  fractional/FIR/add_42_root_add_0_root_add_62_I249/SUM[1] (FIR_compensator_pipelined_DATA_WIDTH32_COEFF_WIDTH32_TAPS250_COEFF_FRAC15_DW01_add_220)
                                                          0.00       0.48 f
  fractional/FIR/add_18_root_add_0_root_add_62_I249/B[1] (FIR_compensator_pipelined_DATA_WIDTH32_COEFF_WIDTH32_TAPS250_COEFF_FRAC15_DW01_add_219)
                                                          0.00       0.48 f
  fractional/FIR/add_18_root_add_0_root_add_62_I249/U1_1/S (FA_X1)
                                                          0.13       0.61 r
  fractional/FIR/add_18_root_add_0_root_add_62_I249/SUM[1] (FIR_compensator_pipelined_DATA_WIDTH32_COEFF_WIDTH32_TAPS250_COEFF_FRAC15_DW01_add_219)
                                                          0.00       0.61 r
  fractional/FIR/add_11_root_add_0_root_add_62_I249/B[1] (FIR_compensator_pipelined_DATA_WIDTH32_COEFF_WIDTH32_TAPS250_COEFF_FRAC15_DW01_add_218)
                                                          0.00       0.61 r
  fractional/FIR/add_11_root_add_0_root_add_62_I249/U1_1/S (FA_X1)
                                                          0.11       0.72 f
  fractional/FIR/add_11_root_add_0_root_add_62_I249/SUM[1] (FIR_compensator_pipelined_DATA_WIDTH32_COEFF_WIDTH32_TAPS250_COEFF_FRAC15_DW01_add_218)
                                                          0.00       0.72 f
  fractional/FIR/add_3_root_add_0_root_add_62_I249/B[1] (FIR_compensator_pipelined_DATA_WIDTH32_COEFF_WIDTH32_TAPS250_COEFF_FRAC15_DW01_add_3)
                                                          0.00       0.72 f
  fractional/FIR/add_3_root_add_0_root_add_62_I249/U1_1/CO (FA_X1)
                                                          0.09       0.81 f
  fractional/FIR/add_3_root_add_0_root_add_62_I249/U1_2/CO (FA_X1)
                                                          0.08       0.90 f
  fractional/FIR/add_3_root_add_0_root_add_62_I249/U1_3/CO (FA_X1)
                                                          0.08       0.98 f
  fractional/FIR/add_3_root_add_0_root_add_62_I249/U1_4/CO (FA_X1)
                                                          0.08       1.06 f
  fractional/FIR/add_3_root_add_0_root_add_62_I249/U1_5/CO (FA_X1)
                                                          0.08       1.14 f
  fractional/FIR/add_3_root_add_0_root_add_62_I249/U1_6/CO (FA_X1)
                                                          0.08       1.22 f
  fractional/FIR/add_3_root_add_0_root_add_62_I249/U1_7/CO (FA_X1)
                                                          0.08       1.30 f
  fractional/FIR/add_3_root_add_0_root_add_62_I249/U1_8/CO (FA_X1)
                                                          0.08       1.38 f
  fractional/FIR/add_3_root_add_0_root_add_62_I249/U1_9/CO (FA_X1)
                                                          0.08       1.47 f
  fractional/FIR/add_3_root_add_0_root_add_62_I249/U1_10/CO (FA_X1)
                                                          0.08       1.55 f
  fractional/FIR/add_3_root_add_0_root_add_62_I249/U1_11/S (FA_X1)
                                                          0.12       1.67 r
  fractional/FIR/add_3_root_add_0_root_add_62_I249/SUM[11] (FIR_compensator_pipelined_DATA_WIDTH32_COEFF_WIDTH32_TAPS250_COEFF_FRAC15_DW01_add_3)
                                                          0.00       1.67 r
  fractional/FIR/add_2_root_add_0_root_add_62_I249/B[11] (FIR_compensator_pipelined_DATA_WIDTH32_COEFF_WIDTH32_TAPS250_COEFF_FRAC15_DW01_add_2)
                                                          0.00       1.67 r
  fractional/FIR/add_2_root_add_0_root_add_62_I249/U1_11/S (FA_X1)
                                                          0.11       1.78 f
  fractional/FIR/add_2_root_add_0_root_add_62_I249/SUM[11] (FIR_compensator_pipelined_DATA_WIDTH32_COEFF_WIDTH32_TAPS250_COEFF_FRAC15_DW01_add_2)
                                                          0.00       1.78 f
  fractional/FIR/add_0_root_add_0_root_add_62_I249/A[11] (FIR_compensator_pipelined_DATA_WIDTH32_COEFF_WIDTH32_TAPS250_COEFF_FRAC15_DW01_add_0)
                                                          0.00       1.78 f
  fractional/FIR/add_0_root_add_0_root_add_62_I249/U34/ZN (OAI21_X1)
                                                          0.04       1.82 r
  fractional/FIR/add_0_root_add_0_root_add_62_I249/U22/ZN (INV_X1)
                                                          0.02       1.84 f
  fractional/FIR/add_0_root_add_0_root_add_62_I249/U33/ZN (AOI21_X1)
                                                          0.05       1.89 r
  fractional/FIR/add_0_root_add_0_root_add_62_I249/U23/ZN (INV_X1)
                                                          0.03       1.92 f
  fractional/FIR/add_0_root_add_0_root_add_62_I249/U32/ZN (OAI21_X1)
                                                          0.04       1.95 r
  fractional/FIR/add_0_root_add_0_root_add_62_I249/U31/ZN (OAI21_X1)
                                                          0.04       1.99 f
  fractional/FIR/add_0_root_add_0_root_add_62_I249/U30/ZN (OAI21_X1)
                                                          0.04       2.03 r
  fractional/FIR/add_0_root_add_0_root_add_62_I249/U3/ZN (INV_X1)
                                                          0.02       2.06 f
  fractional/FIR/add_0_root_add_0_root_add_62_I249/U29/ZN (AOI21_X1)
                                                          0.05       2.10 r
  fractional/FIR/add_0_root_add_0_root_add_62_I249/U1/ZN (INV_X1)
                                                          0.03       2.13 f
  fractional/FIR/add_0_root_add_0_root_add_62_I249/U28/ZN (OAI21_X1)
                                                          0.04       2.17 r
  fractional/FIR/add_0_root_add_0_root_add_62_I249/U27/ZN (OAI21_X1)
                                                          0.04       2.20 f
  fractional/FIR/add_0_root_add_0_root_add_62_I249/U1_15/CO (FA_X1)
                                                          0.08       2.28 f
  fractional/FIR/add_0_root_add_0_root_add_62_I249/U1_16/CO (FA_X1)
                                                          0.08       2.37 f
  fractional/FIR/add_0_root_add_0_root_add_62_I249/U1_17/CO (FA_X1)
                                                          0.08       2.45 f
  fractional/FIR/add_0_root_add_0_root_add_62_I249/U1_18/CO (FA_X1)
                                                          0.08       2.53 f
  fractional/FIR/add_0_root_add_0_root_add_62_I249/U1_19/CO (FA_X1)
                                                          0.08       2.61 f
  fractional/FIR/add_0_root_add_0_root_add_62_I249/U1_20/CO (FA_X1)
                                                          0.08       2.69 f
  fractional/FIR/add_0_root_add_0_root_add_62_I249/U1_21/CO (FA_X1)
                                                          0.08       2.77 f
  fractional/FIR/add_0_root_add_0_root_add_62_I249/U1_22/CO (FA_X1)
                                                          0.08       2.85 f
  fractional/FIR/add_0_root_add_0_root_add_62_I249/U1_23/CO (FA_X1)
                                                          0.08       2.94 f
  fractional/FIR/add_0_root_add_0_root_add_62_I249/U1_24/CO (FA_X1)
                                                          0.08       3.02 f
  fractional/FIR/add_0_root_add_0_root_add_62_I249/U1_25/CO (FA_X1)
                                                          0.08       3.10 f
  fractional/FIR/add_0_root_add_0_root_add_62_I249/U1_26/CO (FA_X1)
                                                          0.08       3.18 f
  fractional/FIR/add_0_root_add_0_root_add_62_I249/U1_27/CO (FA_X1)
                                                          0.08       3.26 f
  fractional/FIR/add_0_root_add_0_root_add_62_I249/U1_28/CO (FA_X1)
                                                          0.08       3.34 f
  fractional/FIR/add_0_root_add_0_root_add_62_I249/U1_29/CO (FA_X1)
                                                          0.08       3.42 f
  fractional/FIR/add_0_root_add_0_root_add_62_I249/U1_30/CO (FA_X1)
                                                          0.08       3.51 f
  fractional/FIR/add_0_root_add_0_root_add_62_I249/U1_31/CO (FA_X1)
                                                          0.08       3.59 f
  fractional/FIR/add_0_root_add_0_root_add_62_I249/U1_32/CO (FA_X1)
                                                          0.08       3.67 f
  fractional/FIR/add_0_root_add_0_root_add_62_I249/U1_33/CO (FA_X1)
                                                          0.08       3.75 f
  fractional/FIR/add_0_root_add_0_root_add_62_I249/U1_34/CO (FA_X1)
                                                          0.08       3.83 f
  fractional/FIR/add_0_root_add_0_root_add_62_I249/U1_35/CO (FA_X1)
                                                          0.08       3.91 f
  fractional/FIR/add_0_root_add_0_root_add_62_I249/U1_36/CO (FA_X1)
                                                          0.08       4.00 f
  fractional/FIR/add_0_root_add_0_root_add_62_I249/U1_37/CO (FA_X1)
                                                          0.08       4.08 f
  fractional/FIR/add_0_root_add_0_root_add_62_I249/U1_38/CO (FA_X1)
                                                          0.08       4.16 f
  fractional/FIR/add_0_root_add_0_root_add_62_I249/U1_39/CO (FA_X1)
                                                          0.08       4.24 f
  fractional/FIR/add_0_root_add_0_root_add_62_I249/U1_40/CO (FA_X1)
                                                          0.08       4.32 f
  fractional/FIR/add_0_root_add_0_root_add_62_I249/U1_41/CO (FA_X1)
                                                          0.08       4.40 f
  fractional/FIR/add_0_root_add_0_root_add_62_I249/U1_42/CO (FA_X1)
                                                          0.08       4.48 f
  fractional/FIR/add_0_root_add_0_root_add_62_I249/U1_43/CO (FA_X1)
                                                          0.08       4.57 f
  fractional/FIR/add_0_root_add_0_root_add_62_I249/U1_44/CO (FA_X1)
                                                          0.08       4.65 f
  fractional/FIR/add_0_root_add_0_root_add_62_I249/U1_45/S (FA_X1)
                                                          0.11       4.76 r
  fractional/FIR/add_0_root_add_0_root_add_62_I249/SUM[45] (FIR_compensator_pipelined_DATA_WIDTH32_COEFF_WIDTH32_TAPS250_COEFF_FRAC15_DW01_add_0)
                                                          0.00       4.76 r
  fractional/FIR/U2890/ZN (AOI22_X1)                      0.03       4.79 f
  fractional/FIR/U2889/ZN (INV_X1)                        0.02       4.81 r
  fractional/FIR/dout_reg[30]/D (DFF_X1)                  0.01       4.82 r
  data arrival time                                                  4.82

  clock clk (rise edge)                                   6.00       6.00
  clock network delay (ideal)                             0.00       6.00
  clock uncertainty                                      -0.35       5.65
  fractional/FIR/dout_reg[30]/CK (DFF_X1)                 0.00       5.65 r
  library setup time                                     -0.03       5.62
  data required time                                                 5.62
  --------------------------------------------------------------------------
  data required time                                                 5.62
  data arrival time                                                 -4.82
  --------------------------------------------------------------------------
  slack (MET)                                                        0.80


  Startpoint: fractional/FIR/prod_stage_reg[148][0]
              (rising edge-triggered flip-flop clocked by clk)
  Endpoint: fractional/FIR/dout_reg[29]
            (rising edge-triggered flip-flop clocked by clk)
  Path Group: clk
  Path Type: max

  Des/Clust/Port     Wire Load Model       Library
  ------------------------------------------------
  FIR_IIR            5K_hvratio_1_1        NangateOpenCellLibrary_ss0p95vn40c

  Point                                                   Incr       Path
  --------------------------------------------------------------------------
  clock clk (rise edge)                                   0.00       0.00
  clock network delay (ideal)                             0.00       0.00
  fractional/FIR/prod_stage_reg[148][0]/CK (DFF_X1)       0.00 #     0.00 r
  fractional/FIR/prod_stage_reg[148][0]/Q (DFF_X1)        0.08       0.08 r
  fractional/FIR/add_157_root_add_0_root_add_62_I249/A[0] (FIR_compensator_pipelined_DATA_WIDTH32_COEFF_WIDTH32_TAPS250_COEFF_FRAC15_DW01_add_222)
                                                          0.00       0.08 r
  fractional/FIR/add_157_root_add_0_root_add_62_I249/U2/ZN (AND2_X1)
                                                          0.05       0.13 r
  fractional/FIR/add_157_root_add_0_root_add_62_I249/U1_1/S (FA_X1)
                                                          0.10       0.23 f
  fractional/FIR/add_157_root_add_0_root_add_62_I249/SUM[1] (FIR_compensator_pipelined_DATA_WIDTH32_COEFF_WIDTH32_TAPS250_COEFF_FRAC15_DW01_add_222)
                                                          0.00       0.23 f
  fractional/FIR/add_81_root_add_0_root_add_62_I249/B[1] (FIR_compensator_pipelined_DATA_WIDTH32_COEFF_WIDTH32_TAPS250_COEFF_FRAC15_DW01_add_221)
                                                          0.00       0.23 f
  fractional/FIR/add_81_root_add_0_root_add_62_I249/U1_1/S (FA_X1)
                                                          0.13       0.36 r
  fractional/FIR/add_81_root_add_0_root_add_62_I249/SUM[1] (FIR_compensator_pipelined_DATA_WIDTH32_COEFF_WIDTH32_TAPS250_COEFF_FRAC15_DW01_add_221)
                                                          0.00       0.36 r
  fractional/FIR/add_42_root_add_0_root_add_62_I249/B[1] (FIR_compensator_pipelined_DATA_WIDTH32_COEFF_WIDTH32_TAPS250_COEFF_FRAC15_DW01_add_220)
                                                          0.00       0.36 r
  fractional/FIR/add_42_root_add_0_root_add_62_I249/U1_1/S (FA_X1)
                                                          0.11       0.48 f
  fractional/FIR/add_42_root_add_0_root_add_62_I249/SUM[1] (FIR_compensator_pipelined_DATA_WIDTH32_COEFF_WIDTH32_TAPS250_COEFF_FRAC15_DW01_add_220)
                                                          0.00       0.48 f
  fractional/FIR/add_18_root_add_0_root_add_62_I249/B[1] (FIR_compensator_pipelined_DATA_WIDTH32_COEFF_WIDTH32_TAPS250_COEFF_FRAC15_DW01_add_219)
                                                          0.00       0.48 f
  fractional/FIR/add_18_root_add_0_root_add_62_I249/U1_1/S (FA_X1)
                                                          0.13       0.61 r
  fractional/FIR/add_18_root_add_0_root_add_62_I249/SUM[1] (FIR_compensator_pipelined_DATA_WIDTH32_COEFF_WIDTH32_TAPS250_COEFF_FRAC15_DW01_add_219)
                                                          0.00       0.61 r
  fractional/FIR/add_11_root_add_0_root_add_62_I249/B[1] (FIR_compensator_pipelined_DATA_WIDTH32_COEFF_WIDTH32_TAPS250_COEFF_FRAC15_DW01_add_218)
                                                          0.00       0.61 r
  fractional/FIR/add_11_root_add_0_root_add_62_I249/U1_1/S (FA_X1)
                                                          0.11       0.72 f
  fractional/FIR/add_11_root_add_0_root_add_62_I249/SUM[1] (FIR_compensator_pipelined_DATA_WIDTH32_COEFF_WIDTH32_TAPS250_COEFF_FRAC15_DW01_add_218)
                                                          0.00       0.72 f
  fractional/FIR/add_3_root_add_0_root_add_62_I249/B[1] (FIR_compensator_pipelined_DATA_WIDTH32_COEFF_WIDTH32_TAPS250_COEFF_FRAC15_DW01_add_3)
                                                          0.00       0.72 f
  fractional/FIR/add_3_root_add_0_root_add_62_I249/U1_1/CO (FA_X1)
                                                          0.09       0.81 f
  fractional/FIR/add_3_root_add_0_root_add_62_I249/U1_2/CO (FA_X1)
                                                          0.08       0.90 f
  fractional/FIR/add_3_root_add_0_root_add_62_I249/U1_3/CO (FA_X1)
                                                          0.08       0.98 f
  fractional/FIR/add_3_root_add_0_root_add_62_I249/U1_4/CO (FA_X1)
                                                          0.08       1.06 f
  fractional/FIR/add_3_root_add_0_root_add_62_I249/U1_5/CO (FA_X1)
                                                          0.08       1.14 f
  fractional/FIR/add_3_root_add_0_root_add_62_I249/U1_6/CO (FA_X1)
                                                          0.08       1.22 f
  fractional/FIR/add_3_root_add_0_root_add_62_I249/U1_7/CO (FA_X1)
                                                          0.08       1.30 f
  fractional/FIR/add_3_root_add_0_root_add_62_I249/U1_8/CO (FA_X1)
                                                          0.08       1.38 f
  fractional/FIR/add_3_root_add_0_root_add_62_I249/U1_9/CO (FA_X1)
                                                          0.08       1.47 f
  fractional/FIR/add_3_root_add_0_root_add_62_I249/U1_10/CO (FA_X1)
                                                          0.08       1.55 f
  fractional/FIR/add_3_root_add_0_root_add_62_I249/U1_11/S (FA_X1)
                                                          0.12       1.67 r
  fractional/FIR/add_3_root_add_0_root_add_62_I249/SUM[11] (FIR_compensator_pipelined_DATA_WIDTH32_COEFF_WIDTH32_TAPS250_COEFF_FRAC15_DW01_add_3)
                                                          0.00       1.67 r
  fractional/FIR/add_2_root_add_0_root_add_62_I249/B[11] (FIR_compensator_pipelined_DATA_WIDTH32_COEFF_WIDTH32_TAPS250_COEFF_FRAC15_DW01_add_2)
                                                          0.00       1.67 r
  fractional/FIR/add_2_root_add_0_root_add_62_I249/U1_11/S (FA_X1)
                                                          0.11       1.78 f
  fractional/FIR/add_2_root_add_0_root_add_62_I249/SUM[11] (FIR_compensator_pipelined_DATA_WIDTH32_COEFF_WIDTH32_TAPS250_COEFF_FRAC15_DW01_add_2)
                                                          0.00       1.78 f
  fractional/FIR/add_0_root_add_0_root_add_62_I249/A[11] (FIR_compensator_pipelined_DATA_WIDTH32_COEFF_WIDTH32_TAPS250_COEFF_FRAC15_DW01_add_0)
                                                          0.00       1.78 f
  fractional/FIR/add_0_root_add_0_root_add_62_I249/U34/ZN (OAI21_X1)
                                                          0.04       1.82 r
  fractional/FIR/add_0_root_add_0_root_add_62_I249/U22/ZN (INV_X1)
                                                          0.02       1.84 f
  fractional/FIR/add_0_root_add_0_root_add_62_I249/U33/ZN (AOI21_X1)
                                                          0.05       1.89 r
  fractional/FIR/add_0_root_add_0_root_add_62_I249/U23/ZN (INV_X1)
                                                          0.03       1.92 f
  fractional/FIR/add_0_root_add_0_root_add_62_I249/U32/ZN (OAI21_X1)
                                                          0.04       1.95 r
  fractional/FIR/add_0_root_add_0_root_add_62_I249/U31/ZN (OAI21_X1)
                                                          0.04       1.99 f
  fractional/FIR/add_0_root_add_0_root_add_62_I249/U30/ZN (OAI21_X1)
                                                          0.04       2.03 r
  fractional/FIR/add_0_root_add_0_root_add_62_I249/U3/ZN (INV_X1)
                                                          0.02       2.06 f
  fractional/FIR/add_0_root_add_0_root_add_62_I249/U29/ZN (AOI21_X1)
                                                          0.05       2.10 r
  fractional/FIR/add_0_root_add_0_root_add_62_I249/U1/ZN (INV_X1)
                                                          0.03       2.13 f
  fractional/FIR/add_0_root_add_0_root_add_62_I249/U28/ZN (OAI21_X1)
                                                          0.04       2.17 r
  fractional/FIR/add_0_root_add_0_root_add_62_I249/U27/ZN (OAI21_X1)
                                                          0.04       2.20 f
  fractional/FIR/add_0_root_add_0_root_add_62_I249/U1_15/CO (FA_X1)
                                                          0.08       2.28 f
  fractional/FIR/add_0_root_add_0_root_add_62_I249/U1_16/CO (FA_X1)
                                                          0.08       2.37 f
  fractional/FIR/add_0_root_add_0_root_add_62_I249/U1_17/CO (FA_X1)
                                                          0.08       2.45 f
  fractional/FIR/add_0_root_add_0_root_add_62_I249/U1_18/CO (FA_X1)
                                                          0.08       2.53 f
  fractional/FIR/add_0_root_add_0_root_add_62_I249/U1_19/CO (FA_X1)
                                                          0.08       2.61 f
  fractional/FIR/add_0_root_add_0_root_add_62_I249/U1_20/CO (FA_X1)
                                                          0.08       2.69 f
  fractional/FIR/add_0_root_add_0_root_add_62_I249/U1_21/CO (FA_X1)
                                                          0.08       2.77 f
  fractional/FIR/add_0_root_add_0_root_add_62_I249/U1_22/CO (FA_X1)
                                                          0.08       2.85 f
  fractional/FIR/add_0_root_add_0_root_add_62_I249/U1_23/CO (FA_X1)
                                                          0.08       2.94 f
  fractional/FIR/add_0_root_add_0_root_add_62_I249/U1_24/CO (FA_X1)
                                                          0.08       3.02 f
  fractional/FIR/add_0_root_add_0_root_add_62_I249/U1_25/CO (FA_X1)
                                                          0.08       3.10 f
  fractional/FIR/add_0_root_add_0_root_add_62_I249/U1_26/CO (FA_X1)
                                                          0.08       3.18 f
  fractional/FIR/add_0_root_add_0_root_add_62_I249/U1_27/CO (FA_X1)
                                                          0.08       3.26 f
  fractional/FIR/add_0_root_add_0_root_add_62_I249/U1_28/CO (FA_X1)
                                                          0.08       3.34 f
  fractional/FIR/add_0_root_add_0_root_add_62_I249/U1_29/CO (FA_X1)
                                                          0.08       3.42 f
  fractional/FIR/add_0_root_add_0_root_add_62_I249/U1_30/CO (FA_X1)
                                                          0.08       3.51 f
  fractional/FIR/add_0_root_add_0_root_add_62_I249/U1_31/CO (FA_X1)
                                                          0.08       3.59 f
  fractional/FIR/add_0_root_add_0_root_add_62_I249/U1_32/CO (FA_X1)
                                                          0.08       3.67 f
  fractional/FIR/add_0_root_add_0_root_add_62_I249/U1_33/CO (FA_X1)
                                                          0.08       3.75 f
  fractional/FIR/add_0_root_add_0_root_add_62_I249/U1_34/CO (FA_X1)
                                                          0.08       3.83 f
  fractional/FIR/add_0_root_add_0_root_add_62_I249/U1_35/CO (FA_X1)
                                                          0.08       3.91 f
  fractional/FIR/add_0_root_add_0_root_add_62_I249/U1_36/CO (FA_X1)
                                                          0.08       4.00 f
  fractional/FIR/add_0_root_add_0_root_add_62_I249/U1_37/CO (FA_X1)
                                                          0.08       4.08 f
  fractional/FIR/add_0_root_add_0_root_add_62_I249/U1_38/CO (FA_X1)
                                                          0.08       4.16 f
  fractional/FIR/add_0_root_add_0_root_add_62_I249/U1_39/CO (FA_X1)
                                                          0.08       4.24 f
  fractional/FIR/add_0_root_add_0_root_add_62_I249/U1_40/CO (FA_X1)
                                                          0.08       4.32 f
  fractional/FIR/add_0_root_add_0_root_add_62_I249/U1_41/CO (FA_X1)
                                                          0.08       4.40 f
  fractional/FIR/add_0_root_add_0_root_add_62_I249/U1_42/CO (FA_X1)
                                                          0.08       4.48 f
  fractional/FIR/add_0_root_add_0_root_add_62_I249/U1_43/CO (FA_X1)
                                                          0.08       4.57 f
  fractional/FIR/add_0_root_add_0_root_add_62_I249/U1_44/S (FA_X1)
                                                          0.11       4.68 r
  fractional/FIR/add_0_root_add_0_root_add_62_I249/SUM[44] (FIR_compensator_pipelined_DATA_WIDTH32_COEFF_WIDTH32_TAPS250_COEFF_FRAC15_DW01_add_0)
                                                          0.00       4.68 r
  fractional/FIR/U2888/ZN (AOI22_X1)                      0.03       4.71 f
  fractional/FIR/U2887/ZN (INV_X1)                        0.02       4.73 r
  fractional/FIR/dout_reg[29]/D (DFF_X1)                  0.01       4.74 r
  data arrival time                                                  4.74

  clock clk (rise edge)                                   6.00       6.00
  clock network delay (ideal)                             0.00       6.00
  clock uncertainty                                      -0.35       5.65
  fractional/FIR/dout_reg[29]/CK (DFF_X1)                 0.00       5.65 r
  library setup time                                     -0.03       5.62
  data required time                                                 5.62
  --------------------------------------------------------------------------
  data required time                                                 5.62
  data arrival time                                                 -4.74
  --------------------------------------------------------------------------
  slack (MET)                                                        0.88


  Startpoint: fractional/FIR/prod_stage_reg[148][0]
              (rising edge-triggered flip-flop clocked by clk)
  Endpoint: fractional/FIR/dout_reg[28]
            (rising edge-triggered flip-flop clocked by clk)
  Path Group: clk
  Path Type: max

  Des/Clust/Port     Wire Load Model       Library
  ------------------------------------------------
  FIR_IIR            5K_hvratio_1_1        NangateOpenCellLibrary_ss0p95vn40c

  Point                                                   Incr       Path
  --------------------------------------------------------------------------
  clock clk (rise edge)                                   0.00       0.00
  clock network delay (ideal)                             0.00       0.00
  fractional/FIR/prod_stage_reg[148][0]/CK (DFF_X1)       0.00 #     0.00 r
  fractional/FIR/prod_stage_reg[148][0]/Q (DFF_X1)        0.08       0.08 r
  fractional/FIR/add_157_root_add_0_root_add_62_I249/A[0] (FIR_compensator_pipelined_DATA_WIDTH32_COEFF_WIDTH32_TAPS250_COEFF_FRAC15_DW01_add_222)
                                                          0.00       0.08 r
  fractional/FIR/add_157_root_add_0_root_add_62_I249/U2/ZN (AND2_X1)
                                                          0.05       0.13 r
  fractional/FIR/add_157_root_add_0_root_add_62_I249/U1_1/S (FA_X1)
                                                          0.10       0.23 f
  fractional/FIR/add_157_root_add_0_root_add_62_I249/SUM[1] (FIR_compensator_pipelined_DATA_WIDTH32_COEFF_WIDTH32_TAPS250_COEFF_FRAC15_DW01_add_222)
                                                          0.00       0.23 f
  fractional/FIR/add_81_root_add_0_root_add_62_I249/B[1] (FIR_compensator_pipelined_DATA_WIDTH32_COEFF_WIDTH32_TAPS250_COEFF_FRAC15_DW01_add_221)
                                                          0.00       0.23 f
  fractional/FIR/add_81_root_add_0_root_add_62_I249/U1_1/S (FA_X1)
                                                          0.13       0.36 r
  fractional/FIR/add_81_root_add_0_root_add_62_I249/SUM[1] (FIR_compensator_pipelined_DATA_WIDTH32_COEFF_WIDTH32_TAPS250_COEFF_FRAC15_DW01_add_221)
                                                          0.00       0.36 r
  fractional/FIR/add_42_root_add_0_root_add_62_I249/B[1] (FIR_compensator_pipelined_DATA_WIDTH32_COEFF_WIDTH32_TAPS250_COEFF_FRAC15_DW01_add_220)
                                                          0.00       0.36 r
  fractional/FIR/add_42_root_add_0_root_add_62_I249/U1_1/S (FA_X1)
                                                          0.11       0.48 f
  fractional/FIR/add_42_root_add_0_root_add_62_I249/SUM[1] (FIR_compensator_pipelined_DATA_WIDTH32_COEFF_WIDTH32_TAPS250_COEFF_FRAC15_DW01_add_220)
                                                          0.00       0.48 f
  fractional/FIR/add_18_root_add_0_root_add_62_I249/B[1] (FIR_compensator_pipelined_DATA_WIDTH32_COEFF_WIDTH32_TAPS250_COEFF_FRAC15_DW01_add_219)
                                                          0.00       0.48 f
  fractional/FIR/add_18_root_add_0_root_add_62_I249/U1_1/S (FA_X1)
                                                          0.13       0.61 r
  fractional/FIR/add_18_root_add_0_root_add_62_I249/SUM[1] (FIR_compensator_pipelined_DATA_WIDTH32_COEFF_WIDTH32_TAPS250_COEFF_FRAC15_DW01_add_219)
                                                          0.00       0.61 r
  fractional/FIR/add_11_root_add_0_root_add_62_I249/B[1] (FIR_compensator_pipelined_DATA_WIDTH32_COEFF_WIDTH32_TAPS250_COEFF_FRAC15_DW01_add_218)
                                                          0.00       0.61 r
  fractional/FIR/add_11_root_add_0_root_add_62_I249/U1_1/S (FA_X1)
                                                          0.11       0.72 f
  fractional/FIR/add_11_root_add_0_root_add_62_I249/SUM[1] (FIR_compensator_pipelined_DATA_WIDTH32_COEFF_WIDTH32_TAPS250_COEFF_FRAC15_DW01_add_218)
                                                          0.00       0.72 f
  fractional/FIR/add_3_root_add_0_root_add_62_I249/B[1] (FIR_compensator_pipelined_DATA_WIDTH32_COEFF_WIDTH32_TAPS250_COEFF_FRAC15_DW01_add_3)
                                                          0.00       0.72 f
  fractional/FIR/add_3_root_add_0_root_add_62_I249/U1_1/CO (FA_X1)
                                                          0.09       0.81 f
  fractional/FIR/add_3_root_add_0_root_add_62_I249/U1_2/CO (FA_X1)
                                                          0.08       0.90 f
  fractional/FIR/add_3_root_add_0_root_add_62_I249/U1_3/CO (FA_X1)
                                                          0.08       0.98 f
  fractional/FIR/add_3_root_add_0_root_add_62_I249/U1_4/CO (FA_X1)
                                                          0.08       1.06 f
  fractional/FIR/add_3_root_add_0_root_add_62_I249/U1_5/CO (FA_X1)
                                                          0.08       1.14 f
  fractional/FIR/add_3_root_add_0_root_add_62_I249/U1_6/CO (FA_X1)
                                                          0.08       1.22 f
  fractional/FIR/add_3_root_add_0_root_add_62_I249/U1_7/CO (FA_X1)
                                                          0.08       1.30 f
  fractional/FIR/add_3_root_add_0_root_add_62_I249/U1_8/CO (FA_X1)
                                                          0.08       1.38 f
  fractional/FIR/add_3_root_add_0_root_add_62_I249/U1_9/CO (FA_X1)
                                                          0.08       1.47 f
  fractional/FIR/add_3_root_add_0_root_add_62_I249/U1_10/CO (FA_X1)
                                                          0.08       1.55 f
  fractional/FIR/add_3_root_add_0_root_add_62_I249/U1_11/S (FA_X1)
                                                          0.12       1.67 r
  fractional/FIR/add_3_root_add_0_root_add_62_I249/SUM[11] (FIR_compensator_pipelined_DATA_WIDTH32_COEFF_WIDTH32_TAPS250_COEFF_FRAC15_DW01_add_3)
                                                          0.00       1.67 r
  fractional/FIR/add_2_root_add_0_root_add_62_I249/B[11] (FIR_compensator_pipelined_DATA_WIDTH32_COEFF_WIDTH32_TAPS250_COEFF_FRAC15_DW01_add_2)
                                                          0.00       1.67 r
  fractional/FIR/add_2_root_add_0_root_add_62_I249/U1_11/S (FA_X1)
                                                          0.11       1.78 f
  fractional/FIR/add_2_root_add_0_root_add_62_I249/SUM[11] (FIR_compensator_pipelined_DATA_WIDTH32_COEFF_WIDTH32_TAPS250_COEFF_FRAC15_DW01_add_2)
                                                          0.00       1.78 f
  fractional/FIR/add_0_root_add_0_root_add_62_I249/A[11] (FIR_compensator_pipelined_DATA_WIDTH32_COEFF_WIDTH32_TAPS250_COEFF_FRAC15_DW01_add_0)
                                                          0.00       1.78 f
  fractional/FIR/add_0_root_add_0_root_add_62_I249/U34/ZN (OAI21_X1)
                                                          0.04       1.82 r
  fractional/FIR/add_0_root_add_0_root_add_62_I249/U22/ZN (INV_X1)
                                                          0.02       1.84 f
  fractional/FIR/add_0_root_add_0_root_add_62_I249/U33/ZN (AOI21_X1)
                                                          0.05       1.89 r
  fractional/FIR/add_0_root_add_0_root_add_62_I249/U23/ZN (INV_X1)
                                                          0.03       1.92 f
  fractional/FIR/add_0_root_add_0_root_add_62_I249/U32/ZN (OAI21_X1)
                                                          0.04       1.95 r
  fractional/FIR/add_0_root_add_0_root_add_62_I249/U31/ZN (OAI21_X1)
                                                          0.04       1.99 f
  fractional/FIR/add_0_root_add_0_root_add_62_I249/U30/ZN (OAI21_X1)
                                                          0.04       2.03 r
  fractional/FIR/add_0_root_add_0_root_add_62_I249/U3/ZN (INV_X1)
                                                          0.02       2.06 f
  fractional/FIR/add_0_root_add_0_root_add_62_I249/U29/ZN (AOI21_X1)
                                                          0.05       2.10 r
  fractional/FIR/add_0_root_add_0_root_add_62_I249/U1/ZN (INV_X1)
                                                          0.03       2.13 f
  fractional/FIR/add_0_root_add_0_root_add_62_I249/U28/ZN (OAI21_X1)
                                                          0.04       2.17 r
  fractional/FIR/add_0_root_add_0_root_add_62_I249/U27/ZN (OAI21_X1)
                                                          0.04       2.20 f
  fractional/FIR/add_0_root_add_0_root_add_62_I249/U1_15/CO (FA_X1)
                                                          0.08       2.28 f
  fractional/FIR/add_0_root_add_0_root_add_62_I249/U1_16/CO (FA_X1)
                                                          0.08       2.37 f
  fractional/FIR/add_0_root_add_0_root_add_62_I249/U1_17/CO (FA_X1)
                                                          0.08       2.45 f
  fractional/FIR/add_0_root_add_0_root_add_62_I249/U1_18/CO (FA_X1)
                                                          0.08       2.53 f
  fractional/FIR/add_0_root_add_0_root_add_62_I249/U1_19/CO (FA_X1)
                                                          0.08       2.61 f
  fractional/FIR/add_0_root_add_0_root_add_62_I249/U1_20/CO (FA_X1)
                                                          0.08       2.69 f
  fractional/FIR/add_0_root_add_0_root_add_62_I249/U1_21/CO (FA_X1)
                                                          0.08       2.77 f
  fractional/FIR/add_0_root_add_0_root_add_62_I249/U1_22/CO (FA_X1)
                                                          0.08       2.85 f
  fractional/FIR/add_0_root_add_0_root_add_62_I249/U1_23/CO (FA_X1)
                                                          0.08       2.94 f
  fractional/FIR/add_0_root_add_0_root_add_62_I249/U1_24/CO (FA_X1)
                                                          0.08       3.02 f
  fractional/FIR/add_0_root_add_0_root_add_62_I249/U1_25/CO (FA_X1)
                                                          0.08       3.10 f
  fractional/FIR/add_0_root_add_0_root_add_62_I249/U1_26/CO (FA_X1)
                                                          0.08       3.18 f
  fractional/FIR/add_0_root_add_0_root_add_62_I249/U1_27/CO (FA_X1)
                                                          0.08       3.26 f
  fractional/FIR/add_0_root_add_0_root_add_62_I249/U1_28/CO (FA_X1)
                                                          0.08       3.34 f
  fractional/FIR/add_0_root_add_0_root_add_62_I249/U1_29/CO (FA_X1)
                                                          0.08       3.42 f
  fractional/FIR/add_0_root_add_0_root_add_62_I249/U1_30/CO (FA_X1)
                                                          0.08       3.51 f
  fractional/FIR/add_0_root_add_0_root_add_62_I249/U1_31/CO (FA_X1)
                                                          0.08       3.59 f
  fractional/FIR/add_0_root_add_0_root_add_62_I249/U1_32/CO (FA_X1)
                                                          0.08       3.67 f
  fractional/FIR/add_0_root_add_0_root_add_62_I249/U1_33/CO (FA_X1)
                                                          0.08       3.75 f
  fractional/FIR/add_0_root_add_0_root_add_62_I249/U1_34/CO (FA_X1)
                                                          0.08       3.83 f
  fractional/FIR/add_0_root_add_0_root_add_62_I249/U1_35/CO (FA_X1)
                                                          0.08       3.91 f
  fractional/FIR/add_0_root_add_0_root_add_62_I249/U1_36/CO (FA_X1)
                                                          0.08       4.00 f
  fractional/FIR/add_0_root_add_0_root_add_62_I249/U1_37/CO (FA_X1)
                                                          0.08       4.08 f
  fractional/FIR/add_0_root_add_0_root_add_62_I249/U1_38/CO (FA_X1)
                                                          0.08       4.16 f
  fractional/FIR/add_0_root_add_0_root_add_62_I249/U1_39/CO (FA_X1)
                                                          0.08       4.24 f
  fractional/FIR/add_0_root_add_0_root_add_62_I249/U1_40/CO (FA_X1)
                                                          0.08       4.32 f
  fractional/FIR/add_0_root_add_0_root_add_62_I249/U1_41/CO (FA_X1)
                                                          0.08       4.40 f
  fractional/FIR/add_0_root_add_0_root_add_62_I249/U1_42/CO (FA_X1)
                                                          0.08       4.48 f
  fractional/FIR/add_0_root_add_0_root_add_62_I249/U1_43/S (FA_X1)
                                                          0.11       4.60 r
  fractional/FIR/add_0_root_add_0_root_add_62_I249/SUM[43] (FIR_compensator_pipelined_DATA_WIDTH32_COEFF_WIDTH32_TAPS250_COEFF_FRAC15_DW01_add_0)
                                                          0.00       4.60 r
  fractional/FIR/U2886/ZN (AOI22_X1)                      0.03       4.63 f
  fractional/FIR/U2885/ZN (INV_X1)                        0.02       4.65 r
  fractional/FIR/dout_reg[28]/D (DFF_X1)                  0.01       4.66 r
  data arrival time                                                  4.66

  clock clk (rise edge)                                   6.00       6.00
  clock network delay (ideal)                             0.00       6.00
  clock uncertainty                                      -0.35       5.65
  fractional/FIR/dout_reg[28]/CK (DFF_X1)                 0.00       5.65 r
  library setup time                                     -0.03       5.62
  data required time                                                 5.62
  --------------------------------------------------------------------------
  data required time                                                 5.62
  data arrival time                                                 -4.66
  --------------------------------------------------------------------------
  slack (MET)                                                        0.96


  Startpoint: fractional/FIR/prod_stage_reg[148][0]
              (rising edge-triggered flip-flop clocked by clk)
  Endpoint: fractional/FIR/dout_reg[27]
            (rising edge-triggered flip-flop clocked by clk)
  Path Group: clk
  Path Type: max

  Des/Clust/Port     Wire Load Model       Library
  ------------------------------------------------
  FIR_IIR            5K_hvratio_1_1        NangateOpenCellLibrary_ss0p95vn40c

  Point                                                   Incr       Path
  --------------------------------------------------------------------------
  clock clk (rise edge)                                   0.00       0.00
  clock network delay (ideal)                             0.00       0.00
  fractional/FIR/prod_stage_reg[148][0]/CK (DFF_X1)       0.00 #     0.00 r
  fractional/FIR/prod_stage_reg[148][0]/Q (DFF_X1)        0.08       0.08 r
  fractional/FIR/add_157_root_add_0_root_add_62_I249/A[0] (FIR_compensator_pipelined_DATA_WIDTH32_COEFF_WIDTH32_TAPS250_COEFF_FRAC15_DW01_add_222)
                                                          0.00       0.08 r
  fractional/FIR/add_157_root_add_0_root_add_62_I249/U2/ZN (AND2_X1)
                                                          0.05       0.13 r
  fractional/FIR/add_157_root_add_0_root_add_62_I249/U1_1/S (FA_X1)
                                                          0.10       0.23 f
  fractional/FIR/add_157_root_add_0_root_add_62_I249/SUM[1] (FIR_compensator_pipelined_DATA_WIDTH32_COEFF_WIDTH32_TAPS250_COEFF_FRAC15_DW01_add_222)
                                                          0.00       0.23 f
  fractional/FIR/add_81_root_add_0_root_add_62_I249/B[1] (FIR_compensator_pipelined_DATA_WIDTH32_COEFF_WIDTH32_TAPS250_COEFF_FRAC15_DW01_add_221)
                                                          0.00       0.23 f
  fractional/FIR/add_81_root_add_0_root_add_62_I249/U1_1/S (FA_X1)
                                                          0.13       0.36 r
  fractional/FIR/add_81_root_add_0_root_add_62_I249/SUM[1] (FIR_compensator_pipelined_DATA_WIDTH32_COEFF_WIDTH32_TAPS250_COEFF_FRAC15_DW01_add_221)
                                                          0.00       0.36 r
  fractional/FIR/add_42_root_add_0_root_add_62_I249/B[1] (FIR_compensator_pipelined_DATA_WIDTH32_COEFF_WIDTH32_TAPS250_COEFF_FRAC15_DW01_add_220)
                                                          0.00       0.36 r
  fractional/FIR/add_42_root_add_0_root_add_62_I249/U1_1/S (FA_X1)
                                                          0.11       0.48 f
  fractional/FIR/add_42_root_add_0_root_add_62_I249/SUM[1] (FIR_compensator_pipelined_DATA_WIDTH32_COEFF_WIDTH32_TAPS250_COEFF_FRAC15_DW01_add_220)
                                                          0.00       0.48 f
  fractional/FIR/add_18_root_add_0_root_add_62_I249/B[1] (FIR_compensator_pipelined_DATA_WIDTH32_COEFF_WIDTH32_TAPS250_COEFF_FRAC15_DW01_add_219)
                                                          0.00       0.48 f
  fractional/FIR/add_18_root_add_0_root_add_62_I249/U1_1/S (FA_X1)
                                                          0.13       0.61 r
  fractional/FIR/add_18_root_add_0_root_add_62_I249/SUM[1] (FIR_compensator_pipelined_DATA_WIDTH32_COEFF_WIDTH32_TAPS250_COEFF_FRAC15_DW01_add_219)
                                                          0.00       0.61 r
  fractional/FIR/add_11_root_add_0_root_add_62_I249/B[1] (FIR_compensator_pipelined_DATA_WIDTH32_COEFF_WIDTH32_TAPS250_COEFF_FRAC15_DW01_add_218)
                                                          0.00       0.61 r
  fractional/FIR/add_11_root_add_0_root_add_62_I249/U1_1/S (FA_X1)
                                                          0.11       0.72 f
  fractional/FIR/add_11_root_add_0_root_add_62_I249/SUM[1] (FIR_compensator_pipelined_DATA_WIDTH32_COEFF_WIDTH32_TAPS250_COEFF_FRAC15_DW01_add_218)
                                                          0.00       0.72 f
  fractional/FIR/add_3_root_add_0_root_add_62_I249/B[1] (FIR_compensator_pipelined_DATA_WIDTH32_COEFF_WIDTH32_TAPS250_COEFF_FRAC15_DW01_add_3)
                                                          0.00       0.72 f
  fractional/FIR/add_3_root_add_0_root_add_62_I249/U1_1/CO (FA_X1)
                                                          0.09       0.81 f
  fractional/FIR/add_3_root_add_0_root_add_62_I249/U1_2/CO (FA_X1)
                                                          0.08       0.90 f
  fractional/FIR/add_3_root_add_0_root_add_62_I249/U1_3/CO (FA_X1)
                                                          0.08       0.98 f
  fractional/FIR/add_3_root_add_0_root_add_62_I249/U1_4/CO (FA_X1)
                                                          0.08       1.06 f
  fractional/FIR/add_3_root_add_0_root_add_62_I249/U1_5/CO (FA_X1)
                                                          0.08       1.14 f
  fractional/FIR/add_3_root_add_0_root_add_62_I249/U1_6/CO (FA_X1)
                                                          0.08       1.22 f
  fractional/FIR/add_3_root_add_0_root_add_62_I249/U1_7/CO (FA_X1)
                                                          0.08       1.30 f
  fractional/FIR/add_3_root_add_0_root_add_62_I249/U1_8/CO (FA_X1)
                                                          0.08       1.38 f
  fractional/FIR/add_3_root_add_0_root_add_62_I249/U1_9/CO (FA_X1)
                                                          0.08       1.47 f
  fractional/FIR/add_3_root_add_0_root_add_62_I249/U1_10/CO (FA_X1)
                                                          0.08       1.55 f
  fractional/FIR/add_3_root_add_0_root_add_62_I249/U1_11/S (FA_X1)
                                                          0.12       1.67 r
  fractional/FIR/add_3_root_add_0_root_add_62_I249/SUM[11] (FIR_compensator_pipelined_DATA_WIDTH32_COEFF_WIDTH32_TAPS250_COEFF_FRAC15_DW01_add_3)
                                                          0.00       1.67 r
  fractional/FIR/add_2_root_add_0_root_add_62_I249/B[11] (FIR_compensator_pipelined_DATA_WIDTH32_COEFF_WIDTH32_TAPS250_COEFF_FRAC15_DW01_add_2)
                                                          0.00       1.67 r
  fractional/FIR/add_2_root_add_0_root_add_62_I249/U1_11/S (FA_X1)
                                                          0.11       1.78 f
  fractional/FIR/add_2_root_add_0_root_add_62_I249/SUM[11] (FIR_compensator_pipelined_DATA_WIDTH32_COEFF_WIDTH32_TAPS250_COEFF_FRAC15_DW01_add_2)
                                                          0.00       1.78 f
  fractional/FIR/add_0_root_add_0_root_add_62_I249/A[11] (FIR_compensator_pipelined_DATA_WIDTH32_COEFF_WIDTH32_TAPS250_COEFF_FRAC15_DW01_add_0)
                                                          0.00       1.78 f
  fractional/FIR/add_0_root_add_0_root_add_62_I249/U34/ZN (OAI21_X1)
                                                          0.04       1.82 r
  fractional/FIR/add_0_root_add_0_root_add_62_I249/U22/ZN (INV_X1)
                                                          0.02       1.84 f
  fractional/FIR/add_0_root_add_0_root_add_62_I249/U33/ZN (AOI21_X1)
                                                          0.05       1.89 r
  fractional/FIR/add_0_root_add_0_root_add_62_I249/U23/ZN (INV_X1)
                                                          0.03       1.92 f
  fractional/FIR/add_0_root_add_0_root_add_62_I249/U32/ZN (OAI21_X1)
                                                          0.04       1.95 r
  fractional/FIR/add_0_root_add_0_root_add_62_I249/U31/ZN (OAI21_X1)
                                                          0.04       1.99 f
  fractional/FIR/add_0_root_add_0_root_add_62_I249/U30/ZN (OAI21_X1)
                                                          0.04       2.03 r
  fractional/FIR/add_0_root_add_0_root_add_62_I249/U3/ZN (INV_X1)
                                                          0.02       2.06 f
  fractional/FIR/add_0_root_add_0_root_add_62_I249/U29/ZN (AOI21_X1)
                                                          0.05       2.10 r
  fractional/FIR/add_0_root_add_0_root_add_62_I249/U1/ZN (INV_X1)
                                                          0.03       2.13 f
  fractional/FIR/add_0_root_add_0_root_add_62_I249/U28/ZN (OAI21_X1)
                                                          0.04       2.17 r
  fractional/FIR/add_0_root_add_0_root_add_62_I249/U27/ZN (OAI21_X1)
                                                          0.04       2.20 f
  fractional/FIR/add_0_root_add_0_root_add_62_I249/U1_15/CO (FA_X1)
                                                          0.08       2.28 f
  fractional/FIR/add_0_root_add_0_root_add_62_I249/U1_16/CO (FA_X1)
                                                          0.08       2.37 f
  fractional/FIR/add_0_root_add_0_root_add_62_I249/U1_17/CO (FA_X1)
                                                          0.08       2.45 f
  fractional/FIR/add_0_root_add_0_root_add_62_I249/U1_18/CO (FA_X1)
                                                          0.08       2.53 f
  fractional/FIR/add_0_root_add_0_root_add_62_I249/U1_19/CO (FA_X1)
                                                          0.08       2.61 f
  fractional/FIR/add_0_root_add_0_root_add_62_I249/U1_20/CO (FA_X1)
                                                          0.08       2.69 f
  fractional/FIR/add_0_root_add_0_root_add_62_I249/U1_21/CO (FA_X1)
                                                          0.08       2.77 f
  fractional/FIR/add_0_root_add_0_root_add_62_I249/U1_22/CO (FA_X1)
                                                          0.08       2.85 f
  fractional/FIR/add_0_root_add_0_root_add_62_I249/U1_23/CO (FA_X1)
                                                          0.08       2.94 f
  fractional/FIR/add_0_root_add_0_root_add_62_I249/U1_24/CO (FA_X1)
                                                          0.08       3.02 f
  fractional/FIR/add_0_root_add_0_root_add_62_I249/U1_25/CO (FA_X1)
                                                          0.08       3.10 f
  fractional/FIR/add_0_root_add_0_root_add_62_I249/U1_26/CO (FA_X1)
                                                          0.08       3.18 f
  fractional/FIR/add_0_root_add_0_root_add_62_I249/U1_27/CO (FA_X1)
                                                          0.08       3.26 f
  fractional/FIR/add_0_root_add_0_root_add_62_I249/U1_28/CO (FA_X1)
                                                          0.08       3.34 f
  fractional/FIR/add_0_root_add_0_root_add_62_I249/U1_29/CO (FA_X1)
                                                          0.08       3.42 f
  fractional/FIR/add_0_root_add_0_root_add_62_I249/U1_30/CO (FA_X1)
                                                          0.08       3.51 f
  fractional/FIR/add_0_root_add_0_root_add_62_I249/U1_31/CO (FA_X1)
                                                          0.08       3.59 f
  fractional/FIR/add_0_root_add_0_root_add_62_I249/U1_32/CO (FA_X1)
                                                          0.08       3.67 f
  fractional/FIR/add_0_root_add_0_root_add_62_I249/U1_33/CO (FA_X1)
                                                          0.08       3.75 f
  fractional/FIR/add_0_root_add_0_root_add_62_I249/U1_34/CO (FA_X1)
                                                          0.08       3.83 f
  fractional/FIR/add_0_root_add_0_root_add_62_I249/U1_35/CO (FA_X1)
                                                          0.08       3.91 f
  fractional/FIR/add_0_root_add_0_root_add_62_I249/U1_36/CO (FA_X1)
                                                          0.08       4.00 f
  fractional/FIR/add_0_root_add_0_root_add_62_I249/U1_37/CO (FA_X1)
                                                          0.08       4.08 f
  fractional/FIR/add_0_root_add_0_root_add_62_I249/U1_38/CO (FA_X1)
                                                          0.08       4.16 f
  fractional/FIR/add_0_root_add_0_root_add_62_I249/U1_39/CO (FA_X1)
                                                          0.08       4.24 f
  fractional/FIR/add_0_root_add_0_root_add_62_I249/U1_40/CO (FA_X1)
                                                          0.08       4.32 f
  fractional/FIR/add_0_root_add_0_root_add_62_I249/U1_41/CO (FA_X1)
                                                          0.08       4.40 f
  fractional/FIR/add_0_root_add_0_root_add_62_I249/U1_42/S (FA_X1)
                                                          0.11       4.52 r
  fractional/FIR/add_0_root_add_0_root_add_62_I249/SUM[42] (FIR_compensator_pipelined_DATA_WIDTH32_COEFF_WIDTH32_TAPS250_COEFF_FRAC15_DW01_add_0)
                                                          0.00       4.52 r
  fractional/FIR/U2884/ZN (AOI22_X1)                      0.03       4.54 f
  fractional/FIR/U2883/ZN (INV_X1)                        0.02       4.57 r
  fractional/FIR/dout_reg[27]/D (DFF_X1)                  0.01       4.58 r
  data arrival time                                                  4.58

  clock clk (rise edge)                                   6.00       6.00
  clock network delay (ideal)                             0.00       6.00
  clock uncertainty                                      -0.35       5.65
  fractional/FIR/dout_reg[27]/CK (DFF_X1)                 0.00       5.65 r
  library setup time                                     -0.03       5.62
  data required time                                                 5.62
  --------------------------------------------------------------------------
  data required time                                                 5.62
  data arrival time                                                 -4.58
  --------------------------------------------------------------------------
  slack (MET)                                                        1.04


  Startpoint: fractional/FIR/prod_stage_reg[148][0]
              (rising edge-triggered flip-flop clocked by clk)
  Endpoint: fractional/FIR/dout_reg[26]
            (rising edge-triggered flip-flop clocked by clk)
  Path Group: clk
  Path Type: max

  Des/Clust/Port     Wire Load Model       Library
  ------------------------------------------------
  FIR_IIR            5K_hvratio_1_1        NangateOpenCellLibrary_ss0p95vn40c

  Point                                                   Incr       Path
  --------------------------------------------------------------------------
  clock clk (rise edge)                                   0.00       0.00
  clock network delay (ideal)                             0.00       0.00
  fractional/FIR/prod_stage_reg[148][0]/CK (DFF_X1)       0.00 #     0.00 r
  fractional/FIR/prod_stage_reg[148][0]/Q (DFF_X1)        0.08       0.08 r
  fractional/FIR/add_157_root_add_0_root_add_62_I249/A[0] (FIR_compensator_pipelined_DATA_WIDTH32_COEFF_WIDTH32_TAPS250_COEFF_FRAC15_DW01_add_222)
                                                          0.00       0.08 r
  fractional/FIR/add_157_root_add_0_root_add_62_I249/U2/ZN (AND2_X1)
                                                          0.05       0.13 r
  fractional/FIR/add_157_root_add_0_root_add_62_I249/U1_1/S (FA_X1)
                                                          0.10       0.23 f
  fractional/FIR/add_157_root_add_0_root_add_62_I249/SUM[1] (FIR_compensator_pipelined_DATA_WIDTH32_COEFF_WIDTH32_TAPS250_COEFF_FRAC15_DW01_add_222)
                                                          0.00       0.23 f
  fractional/FIR/add_81_root_add_0_root_add_62_I249/B[1] (FIR_compensator_pipelined_DATA_WIDTH32_COEFF_WIDTH32_TAPS250_COEFF_FRAC15_DW01_add_221)
                                                          0.00       0.23 f
  fractional/FIR/add_81_root_add_0_root_add_62_I249/U1_1/S (FA_X1)
                                                          0.13       0.36 r
  fractional/FIR/add_81_root_add_0_root_add_62_I249/SUM[1] (FIR_compensator_pipelined_DATA_WIDTH32_COEFF_WIDTH32_TAPS250_COEFF_FRAC15_DW01_add_221)
                                                          0.00       0.36 r
  fractional/FIR/add_42_root_add_0_root_add_62_I249/B[1] (FIR_compensator_pipelined_DATA_WIDTH32_COEFF_WIDTH32_TAPS250_COEFF_FRAC15_DW01_add_220)
                                                          0.00       0.36 r
  fractional/FIR/add_42_root_add_0_root_add_62_I249/U1_1/S (FA_X1)
                                                          0.11       0.48 f
  fractional/FIR/add_42_root_add_0_root_add_62_I249/SUM[1] (FIR_compensator_pipelined_DATA_WIDTH32_COEFF_WIDTH32_TAPS250_COEFF_FRAC15_DW01_add_220)
                                                          0.00       0.48 f
  fractional/FIR/add_18_root_add_0_root_add_62_I249/B[1] (FIR_compensator_pipelined_DATA_WIDTH32_COEFF_WIDTH32_TAPS250_COEFF_FRAC15_DW01_add_219)
                                                          0.00       0.48 f
  fractional/FIR/add_18_root_add_0_root_add_62_I249/U1_1/S (FA_X1)
                                                          0.13       0.61 r
  fractional/FIR/add_18_root_add_0_root_add_62_I249/SUM[1] (FIR_compensator_pipelined_DATA_WIDTH32_COEFF_WIDTH32_TAPS250_COEFF_FRAC15_DW01_add_219)
                                                          0.00       0.61 r
  fractional/FIR/add_11_root_add_0_root_add_62_I249/B[1] (FIR_compensator_pipelined_DATA_WIDTH32_COEFF_WIDTH32_TAPS250_COEFF_FRAC15_DW01_add_218)
                                                          0.00       0.61 r
  fractional/FIR/add_11_root_add_0_root_add_62_I249/U1_1/S (FA_X1)
                                                          0.11       0.72 f
  fractional/FIR/add_11_root_add_0_root_add_62_I249/SUM[1] (FIR_compensator_pipelined_DATA_WIDTH32_COEFF_WIDTH32_TAPS250_COEFF_FRAC15_DW01_add_218)
                                                          0.00       0.72 f
  fractional/FIR/add_3_root_add_0_root_add_62_I249/B[1] (FIR_compensator_pipelined_DATA_WIDTH32_COEFF_WIDTH32_TAPS250_COEFF_FRAC15_DW01_add_3)
                                                          0.00       0.72 f
  fractional/FIR/add_3_root_add_0_root_add_62_I249/U1_1/CO (FA_X1)
                                                          0.09       0.81 f
  fractional/FIR/add_3_root_add_0_root_add_62_I249/U1_2/CO (FA_X1)
                                                          0.08       0.90 f
  fractional/FIR/add_3_root_add_0_root_add_62_I249/U1_3/CO (FA_X1)
                                                          0.08       0.98 f
  fractional/FIR/add_3_root_add_0_root_add_62_I249/U1_4/CO (FA_X1)
                                                          0.08       1.06 f
  fractional/FIR/add_3_root_add_0_root_add_62_I249/U1_5/CO (FA_X1)
                                                          0.08       1.14 f
  fractional/FIR/add_3_root_add_0_root_add_62_I249/U1_6/CO (FA_X1)
                                                          0.08       1.22 f
  fractional/FIR/add_3_root_add_0_root_add_62_I249/U1_7/CO (FA_X1)
                                                          0.08       1.30 f
  fractional/FIR/add_3_root_add_0_root_add_62_I249/U1_8/CO (FA_X1)
                                                          0.08       1.38 f
  fractional/FIR/add_3_root_add_0_root_add_62_I249/U1_9/CO (FA_X1)
                                                          0.08       1.47 f
  fractional/FIR/add_3_root_add_0_root_add_62_I249/U1_10/CO (FA_X1)
                                                          0.08       1.55 f
  fractional/FIR/add_3_root_add_0_root_add_62_I249/U1_11/S (FA_X1)
                                                          0.12       1.67 r
  fractional/FIR/add_3_root_add_0_root_add_62_I249/SUM[11] (FIR_compensator_pipelined_DATA_WIDTH32_COEFF_WIDTH32_TAPS250_COEFF_FRAC15_DW01_add_3)
                                                          0.00       1.67 r
  fractional/FIR/add_2_root_add_0_root_add_62_I249/B[11] (FIR_compensator_pipelined_DATA_WIDTH32_COEFF_WIDTH32_TAPS250_COEFF_FRAC15_DW01_add_2)
                                                          0.00       1.67 r
  fractional/FIR/add_2_root_add_0_root_add_62_I249/U1_11/S (FA_X1)
                                                          0.11       1.78 f
  fractional/FIR/add_2_root_add_0_root_add_62_I249/SUM[11] (FIR_compensator_pipelined_DATA_WIDTH32_COEFF_WIDTH32_TAPS250_COEFF_FRAC15_DW01_add_2)
                                                          0.00       1.78 f
  fractional/FIR/add_0_root_add_0_root_add_62_I249/A[11] (FIR_compensator_pipelined_DATA_WIDTH32_COEFF_WIDTH32_TAPS250_COEFF_FRAC15_DW01_add_0)
                                                          0.00       1.78 f
  fractional/FIR/add_0_root_add_0_root_add_62_I249/U34/ZN (OAI21_X1)
                                                          0.04       1.82 r
  fractional/FIR/add_0_root_add_0_root_add_62_I249/U22/ZN (INV_X1)
                                                          0.02       1.84 f
  fractional/FIR/add_0_root_add_0_root_add_62_I249/U33/ZN (AOI21_X1)
                                                          0.05       1.89 r
  fractional/FIR/add_0_root_add_0_root_add_62_I249/U23/ZN (INV_X1)
                                                          0.03       1.92 f
  fractional/FIR/add_0_root_add_0_root_add_62_I249/U32/ZN (OAI21_X1)
                                                          0.04       1.95 r
  fractional/FIR/add_0_root_add_0_root_add_62_I249/U31/ZN (OAI21_X1)
                                                          0.04       1.99 f
  fractional/FIR/add_0_root_add_0_root_add_62_I249/U30/ZN (OAI21_X1)
                                                          0.04       2.03 r
  fractional/FIR/add_0_root_add_0_root_add_62_I249/U3/ZN (INV_X1)
                                                          0.02       2.06 f
  fractional/FIR/add_0_root_add_0_root_add_62_I249/U29/ZN (AOI21_X1)
                                                          0.05       2.10 r
  fractional/FIR/add_0_root_add_0_root_add_62_I249/U1/ZN (INV_X1)
                                                          0.03       2.13 f
  fractional/FIR/add_0_root_add_0_root_add_62_I249/U28/ZN (OAI21_X1)
                                                          0.04       2.17 r
  fractional/FIR/add_0_root_add_0_root_add_62_I249/U27/ZN (OAI21_X1)
                                                          0.04       2.20 f
  fractional/FIR/add_0_root_add_0_root_add_62_I249/U1_15/CO (FA_X1)
                                                          0.08       2.28 f
  fractional/FIR/add_0_root_add_0_root_add_62_I249/U1_16/CO (FA_X1)
                                                          0.08       2.37 f
  fractional/FIR/add_0_root_add_0_root_add_62_I249/U1_17/CO (FA_X1)
                                                          0.08       2.45 f
  fractional/FIR/add_0_root_add_0_root_add_62_I249/U1_18/CO (FA_X1)
                                                          0.08       2.53 f
  fractional/FIR/add_0_root_add_0_root_add_62_I249/U1_19/CO (FA_X1)
                                                          0.08       2.61 f
  fractional/FIR/add_0_root_add_0_root_add_62_I249/U1_20/CO (FA_X1)
                                                          0.08       2.69 f
  fractional/FIR/add_0_root_add_0_root_add_62_I249/U1_21/CO (FA_X1)
                                                          0.08       2.77 f
  fractional/FIR/add_0_root_add_0_root_add_62_I249/U1_22/CO (FA_X1)
                                                          0.08       2.85 f
  fractional/FIR/add_0_root_add_0_root_add_62_I249/U1_23/CO (FA_X1)
                                                          0.08       2.94 f
  fractional/FIR/add_0_root_add_0_root_add_62_I249/U1_24/CO (FA_X1)
                                                          0.08       3.02 f
  fractional/FIR/add_0_root_add_0_root_add_62_I249/U1_25/CO (FA_X1)
                                                          0.08       3.10 f
  fractional/FIR/add_0_root_add_0_root_add_62_I249/U1_26/CO (FA_X1)
                                                          0.08       3.18 f
  fractional/FIR/add_0_root_add_0_root_add_62_I249/U1_27/CO (FA_X1)
                                                          0.08       3.26 f
  fractional/FIR/add_0_root_add_0_root_add_62_I249/U1_28/CO (FA_X1)
                                                          0.08       3.34 f
  fractional/FIR/add_0_root_add_0_root_add_62_I249/U1_29/CO (FA_X1)
                                                          0.08       3.42 f
  fractional/FIR/add_0_root_add_0_root_add_62_I249/U1_30/CO (FA_X1)
                                                          0.08       3.51 f
  fractional/FIR/add_0_root_add_0_root_add_62_I249/U1_31/CO (FA_X1)
                                                          0.08       3.59 f
  fractional/FIR/add_0_root_add_0_root_add_62_I249/U1_32/CO (FA_X1)
                                                          0.08       3.67 f
  fractional/FIR/add_0_root_add_0_root_add_62_I249/U1_33/CO (FA_X1)
                                                          0.08       3.75 f
  fractional/FIR/add_0_root_add_0_root_add_62_I249/U1_34/CO (FA_X1)
                                                          0.08       3.83 f
  fractional/FIR/add_0_root_add_0_root_add_62_I249/U1_35/CO (FA_X1)
                                                          0.08       3.91 f
  fractional/FIR/add_0_root_add_0_root_add_62_I249/U1_36/CO (FA_X1)
                                                          0.08       4.00 f
  fractional/FIR/add_0_root_add_0_root_add_62_I249/U1_37/CO (FA_X1)
                                                          0.08       4.08 f
  fractional/FIR/add_0_root_add_0_root_add_62_I249/U1_38/CO (FA_X1)
                                                          0.08       4.16 f
  fractional/FIR/add_0_root_add_0_root_add_62_I249/U1_39/CO (FA_X1)
                                                          0.08       4.24 f
  fractional/FIR/add_0_root_add_0_root_add_62_I249/U1_40/CO (FA_X1)
                                                          0.08       4.32 f
  fractional/FIR/add_0_root_add_0_root_add_62_I249/U1_41/S (FA_X1)
                                                          0.11       4.44 r
  fractional/FIR/add_0_root_add_0_root_add_62_I249/SUM[41] (FIR_compensator_pipelined_DATA_WIDTH32_COEFF_WIDTH32_TAPS250_COEFF_FRAC15_DW01_add_0)
                                                          0.00       4.44 r
  fractional/FIR/U2882/ZN (AOI22_X1)                      0.03       4.46 f
  fractional/FIR/U2881/ZN (INV_X1)                        0.02       4.49 r
  fractional/FIR/dout_reg[26]/D (DFF_X1)                  0.01       4.50 r
  data arrival time                                                  4.50

  clock clk (rise edge)                                   6.00       6.00
  clock network delay (ideal)                             0.00       6.00
  clock uncertainty                                      -0.35       5.65
  fractional/FIR/dout_reg[26]/CK (DFF_X1)                 0.00       5.65 r
  library setup time                                     -0.03       5.62
  data required time                                                 5.62
  --------------------------------------------------------------------------
  data required time                                                 5.62
  data arrival time                                                 -4.50
  --------------------------------------------------------------------------
  slack (MET)                                                        1.12


  Startpoint: fractional/FIR/prod_stage_reg[148][0]
              (rising edge-triggered flip-flop clocked by clk)
  Endpoint: fractional/FIR/dout_reg[25]
            (rising edge-triggered flip-flop clocked by clk)
  Path Group: clk
  Path Type: max

  Des/Clust/Port     Wire Load Model       Library
  ------------------------------------------------
  FIR_IIR            5K_hvratio_1_1        NangateOpenCellLibrary_ss0p95vn40c

  Point                                                   Incr       Path
  --------------------------------------------------------------------------
  clock clk (rise edge)                                   0.00       0.00
  clock network delay (ideal)                             0.00       0.00
  fractional/FIR/prod_stage_reg[148][0]/CK (DFF_X1)       0.00 #     0.00 r
  fractional/FIR/prod_stage_reg[148][0]/Q (DFF_X1)        0.08       0.08 r
  fractional/FIR/add_157_root_add_0_root_add_62_I249/A[0] (FIR_compensator_pipelined_DATA_WIDTH32_COEFF_WIDTH32_TAPS250_COEFF_FRAC15_DW01_add_222)
                                                          0.00       0.08 r
  fractional/FIR/add_157_root_add_0_root_add_62_I249/U2/ZN (AND2_X1)
                                                          0.05       0.13 r
  fractional/FIR/add_157_root_add_0_root_add_62_I249/U1_1/S (FA_X1)
                                                          0.10       0.23 f
  fractional/FIR/add_157_root_add_0_root_add_62_I249/SUM[1] (FIR_compensator_pipelined_DATA_WIDTH32_COEFF_WIDTH32_TAPS250_COEFF_FRAC15_DW01_add_222)
                                                          0.00       0.23 f
  fractional/FIR/add_81_root_add_0_root_add_62_I249/B[1] (FIR_compensator_pipelined_DATA_WIDTH32_COEFF_WIDTH32_TAPS250_COEFF_FRAC15_DW01_add_221)
                                                          0.00       0.23 f
  fractional/FIR/add_81_root_add_0_root_add_62_I249/U1_1/S (FA_X1)
                                                          0.13       0.36 r
  fractional/FIR/add_81_root_add_0_root_add_62_I249/SUM[1] (FIR_compensator_pipelined_DATA_WIDTH32_COEFF_WIDTH32_TAPS250_COEFF_FRAC15_DW01_add_221)
                                                          0.00       0.36 r
  fractional/FIR/add_42_root_add_0_root_add_62_I249/B[1] (FIR_compensator_pipelined_DATA_WIDTH32_COEFF_WIDTH32_TAPS250_COEFF_FRAC15_DW01_add_220)
                                                          0.00       0.36 r
  fractional/FIR/add_42_root_add_0_root_add_62_I249/U1_1/S (FA_X1)
                                                          0.11       0.48 f
  fractional/FIR/add_42_root_add_0_root_add_62_I249/SUM[1] (FIR_compensator_pipelined_DATA_WIDTH32_COEFF_WIDTH32_TAPS250_COEFF_FRAC15_DW01_add_220)
                                                          0.00       0.48 f
  fractional/FIR/add_18_root_add_0_root_add_62_I249/B[1] (FIR_compensator_pipelined_DATA_WIDTH32_COEFF_WIDTH32_TAPS250_COEFF_FRAC15_DW01_add_219)
                                                          0.00       0.48 f
  fractional/FIR/add_18_root_add_0_root_add_62_I249/U1_1/S (FA_X1)
                                                          0.13       0.61 r
  fractional/FIR/add_18_root_add_0_root_add_62_I249/SUM[1] (FIR_compensator_pipelined_DATA_WIDTH32_COEFF_WIDTH32_TAPS250_COEFF_FRAC15_DW01_add_219)
                                                          0.00       0.61 r
  fractional/FIR/add_11_root_add_0_root_add_62_I249/B[1] (FIR_compensator_pipelined_DATA_WIDTH32_COEFF_WIDTH32_TAPS250_COEFF_FRAC15_DW01_add_218)
                                                          0.00       0.61 r
  fractional/FIR/add_11_root_add_0_root_add_62_I249/U1_1/S (FA_X1)
                                                          0.11       0.72 f
  fractional/FIR/add_11_root_add_0_root_add_62_I249/SUM[1] (FIR_compensator_pipelined_DATA_WIDTH32_COEFF_WIDTH32_TAPS250_COEFF_FRAC15_DW01_add_218)
                                                          0.00       0.72 f
  fractional/FIR/add_3_root_add_0_root_add_62_I249/B[1] (FIR_compensator_pipelined_DATA_WIDTH32_COEFF_WIDTH32_TAPS250_COEFF_FRAC15_DW01_add_3)
                                                          0.00       0.72 f
  fractional/FIR/add_3_root_add_0_root_add_62_I249/U1_1/CO (FA_X1)
                                                          0.09       0.81 f
  fractional/FIR/add_3_root_add_0_root_add_62_I249/U1_2/CO (FA_X1)
                                                          0.08       0.90 f
  fractional/FIR/add_3_root_add_0_root_add_62_I249/U1_3/CO (FA_X1)
                                                          0.08       0.98 f
  fractional/FIR/add_3_root_add_0_root_add_62_I249/U1_4/CO (FA_X1)
                                                          0.08       1.06 f
  fractional/FIR/add_3_root_add_0_root_add_62_I249/U1_5/CO (FA_X1)
                                                          0.08       1.14 f
  fractional/FIR/add_3_root_add_0_root_add_62_I249/U1_6/CO (FA_X1)
                                                          0.08       1.22 f
  fractional/FIR/add_3_root_add_0_root_add_62_I249/U1_7/CO (FA_X1)
                                                          0.08       1.30 f
  fractional/FIR/add_3_root_add_0_root_add_62_I249/U1_8/CO (FA_X1)
                                                          0.08       1.38 f
  fractional/FIR/add_3_root_add_0_root_add_62_I249/U1_9/CO (FA_X1)
                                                          0.08       1.47 f
  fractional/FIR/add_3_root_add_0_root_add_62_I249/U1_10/CO (FA_X1)
                                                          0.08       1.55 f
  fractional/FIR/add_3_root_add_0_root_add_62_I249/U1_11/S (FA_X1)
                                                          0.12       1.67 r
  fractional/FIR/add_3_root_add_0_root_add_62_I249/SUM[11] (FIR_compensator_pipelined_DATA_WIDTH32_COEFF_WIDTH32_TAPS250_COEFF_FRAC15_DW01_add_3)
                                                          0.00       1.67 r
  fractional/FIR/add_2_root_add_0_root_add_62_I249/B[11] (FIR_compensator_pipelined_DATA_WIDTH32_COEFF_WIDTH32_TAPS250_COEFF_FRAC15_DW01_add_2)
                                                          0.00       1.67 r
  fractional/FIR/add_2_root_add_0_root_add_62_I249/U1_11/S (FA_X1)
                                                          0.11       1.78 f
  fractional/FIR/add_2_root_add_0_root_add_62_I249/SUM[11] (FIR_compensator_pipelined_DATA_WIDTH32_COEFF_WIDTH32_TAPS250_COEFF_FRAC15_DW01_add_2)
                                                          0.00       1.78 f
  fractional/FIR/add_0_root_add_0_root_add_62_I249/A[11] (FIR_compensator_pipelined_DATA_WIDTH32_COEFF_WIDTH32_TAPS250_COEFF_FRAC15_DW01_add_0)
                                                          0.00       1.78 f
  fractional/FIR/add_0_root_add_0_root_add_62_I249/U34/ZN (OAI21_X1)
                                                          0.04       1.82 r
  fractional/FIR/add_0_root_add_0_root_add_62_I249/U22/ZN (INV_X1)
                                                          0.02       1.84 f
  fractional/FIR/add_0_root_add_0_root_add_62_I249/U33/ZN (AOI21_X1)
                                                          0.05       1.89 r
  fractional/FIR/add_0_root_add_0_root_add_62_I249/U23/ZN (INV_X1)
                                                          0.03       1.92 f
  fractional/FIR/add_0_root_add_0_root_add_62_I249/U32/ZN (OAI21_X1)
                                                          0.04       1.95 r
  fractional/FIR/add_0_root_add_0_root_add_62_I249/U31/ZN (OAI21_X1)
                                                          0.04       1.99 f
  fractional/FIR/add_0_root_add_0_root_add_62_I249/U30/ZN (OAI21_X1)
                                                          0.04       2.03 r
  fractional/FIR/add_0_root_add_0_root_add_62_I249/U3/ZN (INV_X1)
                                                          0.02       2.06 f
  fractional/FIR/add_0_root_add_0_root_add_62_I249/U29/ZN (AOI21_X1)
                                                          0.05       2.10 r
  fractional/FIR/add_0_root_add_0_root_add_62_I249/U1/ZN (INV_X1)
                                                          0.03       2.13 f
  fractional/FIR/add_0_root_add_0_root_add_62_I249/U28/ZN (OAI21_X1)
                                                          0.04       2.17 r
  fractional/FIR/add_0_root_add_0_root_add_62_I249/U27/ZN (OAI21_X1)
                                                          0.04       2.20 f
  fractional/FIR/add_0_root_add_0_root_add_62_I249/U1_15/CO (FA_X1)
                                                          0.08       2.28 f
  fractional/FIR/add_0_root_add_0_root_add_62_I249/U1_16/CO (FA_X1)
                                                          0.08       2.37 f
  fractional/FIR/add_0_root_add_0_root_add_62_I249/U1_17/CO (FA_X1)
                                                          0.08       2.45 f
  fractional/FIR/add_0_root_add_0_root_add_62_I249/U1_18/CO (FA_X1)
                                                          0.08       2.53 f
  fractional/FIR/add_0_root_add_0_root_add_62_I249/U1_19/CO (FA_X1)
                                                          0.08       2.61 f
  fractional/FIR/add_0_root_add_0_root_add_62_I249/U1_20/CO (FA_X1)
                                                          0.08       2.69 f
  fractional/FIR/add_0_root_add_0_root_add_62_I249/U1_21/CO (FA_X1)
                                                          0.08       2.77 f
  fractional/FIR/add_0_root_add_0_root_add_62_I249/U1_22/CO (FA_X1)
                                                          0.08       2.85 f
  fractional/FIR/add_0_root_add_0_root_add_62_I249/U1_23/CO (FA_X1)
                                                          0.08       2.94 f
  fractional/FIR/add_0_root_add_0_root_add_62_I249/U1_24/CO (FA_X1)
                                                          0.08       3.02 f
  fractional/FIR/add_0_root_add_0_root_add_62_I249/U1_25/CO (FA_X1)
                                                          0.08       3.10 f
  fractional/FIR/add_0_root_add_0_root_add_62_I249/U1_26/CO (FA_X1)
                                                          0.08       3.18 f
  fractional/FIR/add_0_root_add_0_root_add_62_I249/U1_27/CO (FA_X1)
                                                          0.08       3.26 f
  fractional/FIR/add_0_root_add_0_root_add_62_I249/U1_28/CO (FA_X1)
                                                          0.08       3.34 f
  fractional/FIR/add_0_root_add_0_root_add_62_I249/U1_29/CO (FA_X1)
                                                          0.08       3.42 f
  fractional/FIR/add_0_root_add_0_root_add_62_I249/U1_30/CO (FA_X1)
                                                          0.08       3.51 f
  fractional/FIR/add_0_root_add_0_root_add_62_I249/U1_31/CO (FA_X1)
                                                          0.08       3.59 f
  fractional/FIR/add_0_root_add_0_root_add_62_I249/U1_32/CO (FA_X1)
                                                          0.08       3.67 f
  fractional/FIR/add_0_root_add_0_root_add_62_I249/U1_33/CO (FA_X1)
                                                          0.08       3.75 f
  fractional/FIR/add_0_root_add_0_root_add_62_I249/U1_34/CO (FA_X1)
                                                          0.08       3.83 f
  fractional/FIR/add_0_root_add_0_root_add_62_I249/U1_35/CO (FA_X1)
                                                          0.08       3.91 f
  fractional/FIR/add_0_root_add_0_root_add_62_I249/U1_36/CO (FA_X1)
                                                          0.08       4.00 f
  fractional/FIR/add_0_root_add_0_root_add_62_I249/U1_37/CO (FA_X1)
                                                          0.08       4.08 f
  fractional/FIR/add_0_root_add_0_root_add_62_I249/U1_38/CO (FA_X1)
                                                          0.08       4.16 f
  fractional/FIR/add_0_root_add_0_root_add_62_I249/U1_39/CO (FA_X1)
                                                          0.08       4.24 f
  fractional/FIR/add_0_root_add_0_root_add_62_I249/U1_40/S (FA_X1)
                                                          0.11       4.35 r
  fractional/FIR/add_0_root_add_0_root_add_62_I249/SUM[40] (FIR_compensator_pipelined_DATA_WIDTH32_COEFF_WIDTH32_TAPS250_COEFF_FRAC15_DW01_add_0)
                                                          0.00       4.35 r
  fractional/FIR/U6948/ZN (AOI22_X1)                      0.03       4.38 f
  fractional/FIR/U6947/ZN (INV_X1)                        0.02       4.41 r
  fractional/FIR/dout_reg[25]/D (DFF_X1)                  0.01       4.41 r
  data arrival time                                                  4.41

  clock clk (rise edge)                                   6.00       6.00
  clock network delay (ideal)                             0.00       6.00
  clock uncertainty                                      -0.35       5.65
  fractional/FIR/dout_reg[25]/CK (DFF_X1)                 0.00       5.65 r
  library setup time                                     -0.03       5.62
  data required time                                                 5.62
  --------------------------------------------------------------------------
  data required time                                                 5.62
  data arrival time                                                 -4.41
  --------------------------------------------------------------------------
  slack (MET)                                                        1.20


  Startpoint: fractional/FIR/prod_stage_reg[148][0]
              (rising edge-triggered flip-flop clocked by clk)
  Endpoint: fractional/FIR/dout_reg[24]
            (rising edge-triggered flip-flop clocked by clk)
  Path Group: clk
  Path Type: max

  Des/Clust/Port     Wire Load Model       Library
  ------------------------------------------------
  FIR_IIR            5K_hvratio_1_1        NangateOpenCellLibrary_ss0p95vn40c

  Point                                                   Incr       Path
  --------------------------------------------------------------------------
  clock clk (rise edge)                                   0.00       0.00
  clock network delay (ideal)                             0.00       0.00
  fractional/FIR/prod_stage_reg[148][0]/CK (DFF_X1)       0.00 #     0.00 r
  fractional/FIR/prod_stage_reg[148][0]/Q (DFF_X1)        0.08       0.08 r
  fractional/FIR/add_157_root_add_0_root_add_62_I249/A[0] (FIR_compensator_pipelined_DATA_WIDTH32_COEFF_WIDTH32_TAPS250_COEFF_FRAC15_DW01_add_222)
                                                          0.00       0.08 r
  fractional/FIR/add_157_root_add_0_root_add_62_I249/U2/ZN (AND2_X1)
                                                          0.05       0.13 r
  fractional/FIR/add_157_root_add_0_root_add_62_I249/U1_1/S (FA_X1)
                                                          0.10       0.23 f
  fractional/FIR/add_157_root_add_0_root_add_62_I249/SUM[1] (FIR_compensator_pipelined_DATA_WIDTH32_COEFF_WIDTH32_TAPS250_COEFF_FRAC15_DW01_add_222)
                                                          0.00       0.23 f
  fractional/FIR/add_81_root_add_0_root_add_62_I249/B[1] (FIR_compensator_pipelined_DATA_WIDTH32_COEFF_WIDTH32_TAPS250_COEFF_FRAC15_DW01_add_221)
                                                          0.00       0.23 f
  fractional/FIR/add_81_root_add_0_root_add_62_I249/U1_1/S (FA_X1)
                                                          0.13       0.36 r
  fractional/FIR/add_81_root_add_0_root_add_62_I249/SUM[1] (FIR_compensator_pipelined_DATA_WIDTH32_COEFF_WIDTH32_TAPS250_COEFF_FRAC15_DW01_add_221)
                                                          0.00       0.36 r
  fractional/FIR/add_42_root_add_0_root_add_62_I249/B[1] (FIR_compensator_pipelined_DATA_WIDTH32_COEFF_WIDTH32_TAPS250_COEFF_FRAC15_DW01_add_220)
                                                          0.00       0.36 r
  fractional/FIR/add_42_root_add_0_root_add_62_I249/U1_1/S (FA_X1)
                                                          0.11       0.48 f
  fractional/FIR/add_42_root_add_0_root_add_62_I249/SUM[1] (FIR_compensator_pipelined_DATA_WIDTH32_COEFF_WIDTH32_TAPS250_COEFF_FRAC15_DW01_add_220)
                                                          0.00       0.48 f
  fractional/FIR/add_18_root_add_0_root_add_62_I249/B[1] (FIR_compensator_pipelined_DATA_WIDTH32_COEFF_WIDTH32_TAPS250_COEFF_FRAC15_DW01_add_219)
                                                          0.00       0.48 f
  fractional/FIR/add_18_root_add_0_root_add_62_I249/U1_1/S (FA_X1)
                                                          0.13       0.61 r
  fractional/FIR/add_18_root_add_0_root_add_62_I249/SUM[1] (FIR_compensator_pipelined_DATA_WIDTH32_COEFF_WIDTH32_TAPS250_COEFF_FRAC15_DW01_add_219)
                                                          0.00       0.61 r
  fractional/FIR/add_11_root_add_0_root_add_62_I249/B[1] (FIR_compensator_pipelined_DATA_WIDTH32_COEFF_WIDTH32_TAPS250_COEFF_FRAC15_DW01_add_218)
                                                          0.00       0.61 r
  fractional/FIR/add_11_root_add_0_root_add_62_I249/U1_1/S (FA_X1)
                                                          0.11       0.72 f
  fractional/FIR/add_11_root_add_0_root_add_62_I249/SUM[1] (FIR_compensator_pipelined_DATA_WIDTH32_COEFF_WIDTH32_TAPS250_COEFF_FRAC15_DW01_add_218)
                                                          0.00       0.72 f
  fractional/FIR/add_3_root_add_0_root_add_62_I249/B[1] (FIR_compensator_pipelined_DATA_WIDTH32_COEFF_WIDTH32_TAPS250_COEFF_FRAC15_DW01_add_3)
                                                          0.00       0.72 f
  fractional/FIR/add_3_root_add_0_root_add_62_I249/U1_1/CO (FA_X1)
                                                          0.09       0.81 f
  fractional/FIR/add_3_root_add_0_root_add_62_I249/U1_2/CO (FA_X1)
                                                          0.08       0.90 f
  fractional/FIR/add_3_root_add_0_root_add_62_I249/U1_3/CO (FA_X1)
                                                          0.08       0.98 f
  fractional/FIR/add_3_root_add_0_root_add_62_I249/U1_4/CO (FA_X1)
                                                          0.08       1.06 f
  fractional/FIR/add_3_root_add_0_root_add_62_I249/U1_5/CO (FA_X1)
                                                          0.08       1.14 f
  fractional/FIR/add_3_root_add_0_root_add_62_I249/U1_6/CO (FA_X1)
                                                          0.08       1.22 f
  fractional/FIR/add_3_root_add_0_root_add_62_I249/U1_7/CO (FA_X1)
                                                          0.08       1.30 f
  fractional/FIR/add_3_root_add_0_root_add_62_I249/U1_8/CO (FA_X1)
                                                          0.08       1.38 f
  fractional/FIR/add_3_root_add_0_root_add_62_I249/U1_9/CO (FA_X1)
                                                          0.08       1.47 f
  fractional/FIR/add_3_root_add_0_root_add_62_I249/U1_10/CO (FA_X1)
                                                          0.08       1.55 f
  fractional/FIR/add_3_root_add_0_root_add_62_I249/U1_11/S (FA_X1)
                                                          0.12       1.67 r
  fractional/FIR/add_3_root_add_0_root_add_62_I249/SUM[11] (FIR_compensator_pipelined_DATA_WIDTH32_COEFF_WIDTH32_TAPS250_COEFF_FRAC15_DW01_add_3)
                                                          0.00       1.67 r
  fractional/FIR/add_2_root_add_0_root_add_62_I249/B[11] (FIR_compensator_pipelined_DATA_WIDTH32_COEFF_WIDTH32_TAPS250_COEFF_FRAC15_DW01_add_2)
                                                          0.00       1.67 r
  fractional/FIR/add_2_root_add_0_root_add_62_I249/U1_11/S (FA_X1)
                                                          0.11       1.78 f
  fractional/FIR/add_2_root_add_0_root_add_62_I249/SUM[11] (FIR_compensator_pipelined_DATA_WIDTH32_COEFF_WIDTH32_TAPS250_COEFF_FRAC15_DW01_add_2)
                                                          0.00       1.78 f
  fractional/FIR/add_0_root_add_0_root_add_62_I249/A[11] (FIR_compensator_pipelined_DATA_WIDTH32_COEFF_WIDTH32_TAPS250_COEFF_FRAC15_DW01_add_0)
                                                          0.00       1.78 f
  fractional/FIR/add_0_root_add_0_root_add_62_I249/U34/ZN (OAI21_X1)
                                                          0.04       1.82 r
  fractional/FIR/add_0_root_add_0_root_add_62_I249/U22/ZN (INV_X1)
                                                          0.02       1.84 f
  fractional/FIR/add_0_root_add_0_root_add_62_I249/U33/ZN (AOI21_X1)
                                                          0.05       1.89 r
  fractional/FIR/add_0_root_add_0_root_add_62_I249/U23/ZN (INV_X1)
                                                          0.03       1.92 f
  fractional/FIR/add_0_root_add_0_root_add_62_I249/U32/ZN (OAI21_X1)
                                                          0.04       1.95 r
  fractional/FIR/add_0_root_add_0_root_add_62_I249/U31/ZN (OAI21_X1)
                                                          0.04       1.99 f
  fractional/FIR/add_0_root_add_0_root_add_62_I249/U30/ZN (OAI21_X1)
                                                          0.04       2.03 r
  fractional/FIR/add_0_root_add_0_root_add_62_I249/U3/ZN (INV_X1)
                                                          0.02       2.06 f
  fractional/FIR/add_0_root_add_0_root_add_62_I249/U29/ZN (AOI21_X1)
                                                          0.05       2.10 r
  fractional/FIR/add_0_root_add_0_root_add_62_I249/U1/ZN (INV_X1)
                                                          0.03       2.13 f
  fractional/FIR/add_0_root_add_0_root_add_62_I249/U28/ZN (OAI21_X1)
                                                          0.04       2.17 r
  fractional/FIR/add_0_root_add_0_root_add_62_I249/U27/ZN (OAI21_X1)
                                                          0.04       2.20 f
  fractional/FIR/add_0_root_add_0_root_add_62_I249/U1_15/CO (FA_X1)
                                                          0.08       2.28 f
  fractional/FIR/add_0_root_add_0_root_add_62_I249/U1_16/CO (FA_X1)
                                                          0.08       2.37 f
  fractional/FIR/add_0_root_add_0_root_add_62_I249/U1_17/CO (FA_X1)
                                                          0.08       2.45 f
  fractional/FIR/add_0_root_add_0_root_add_62_I249/U1_18/CO (FA_X1)
                                                          0.08       2.53 f
  fractional/FIR/add_0_root_add_0_root_add_62_I249/U1_19/CO (FA_X1)
                                                          0.08       2.61 f
  fractional/FIR/add_0_root_add_0_root_add_62_I249/U1_20/CO (FA_X1)
                                                          0.08       2.69 f
  fractional/FIR/add_0_root_add_0_root_add_62_I249/U1_21/CO (FA_X1)
                                                          0.08       2.77 f
  fractional/FIR/add_0_root_add_0_root_add_62_I249/U1_22/CO (FA_X1)
                                                          0.08       2.85 f
  fractional/FIR/add_0_root_add_0_root_add_62_I249/U1_23/CO (FA_X1)
                                                          0.08       2.94 f
  fractional/FIR/add_0_root_add_0_root_add_62_I249/U1_24/CO (FA_X1)
                                                          0.08       3.02 f
  fractional/FIR/add_0_root_add_0_root_add_62_I249/U1_25/CO (FA_X1)
                                                          0.08       3.10 f
  fractional/FIR/add_0_root_add_0_root_add_62_I249/U1_26/CO (FA_X1)
                                                          0.08       3.18 f
  fractional/FIR/add_0_root_add_0_root_add_62_I249/U1_27/CO (FA_X1)
                                                          0.08       3.26 f
  fractional/FIR/add_0_root_add_0_root_add_62_I249/U1_28/CO (FA_X1)
                                                          0.08       3.34 f
  fractional/FIR/add_0_root_add_0_root_add_62_I249/U1_29/CO (FA_X1)
                                                          0.08       3.42 f
  fractional/FIR/add_0_root_add_0_root_add_62_I249/U1_30/CO (FA_X1)
                                                          0.08       3.51 f
  fractional/FIR/add_0_root_add_0_root_add_62_I249/U1_31/CO (FA_X1)
                                                          0.08       3.59 f
  fractional/FIR/add_0_root_add_0_root_add_62_I249/U1_32/CO (FA_X1)
                                                          0.08       3.67 f
  fractional/FIR/add_0_root_add_0_root_add_62_I249/U1_33/CO (FA_X1)
                                                          0.08       3.75 f
  fractional/FIR/add_0_root_add_0_root_add_62_I249/U1_34/CO (FA_X1)
                                                          0.08       3.83 f
  fractional/FIR/add_0_root_add_0_root_add_62_I249/U1_35/CO (FA_X1)
                                                          0.08       3.91 f
  fractional/FIR/add_0_root_add_0_root_add_62_I249/U1_36/CO (FA_X1)
                                                          0.08       4.00 f
  fractional/FIR/add_0_root_add_0_root_add_62_I249/U1_37/CO (FA_X1)
                                                          0.08       4.08 f
  fractional/FIR/add_0_root_add_0_root_add_62_I249/U1_38/CO (FA_X1)
                                                          0.08       4.16 f
  fractional/FIR/add_0_root_add_0_root_add_62_I249/U1_39/S (FA_X1)
                                                          0.11       4.27 r
  fractional/FIR/add_0_root_add_0_root_add_62_I249/SUM[39] (FIR_compensator_pipelined_DATA_WIDTH32_COEFF_WIDTH32_TAPS250_COEFF_FRAC15_DW01_add_0)
                                                          0.00       4.27 r
  fractional/FIR/U6946/ZN (AOI22_X1)                      0.03       4.30 f
  fractional/FIR/U6945/ZN (INV_X1)                        0.02       4.32 r
  fractional/FIR/dout_reg[24]/D (DFF_X1)                  0.01       4.33 r
  data arrival time                                                  4.33

  clock clk (rise edge)                                   6.00       6.00
  clock network delay (ideal)                             0.00       6.00
  clock uncertainty                                      -0.35       5.65
  fractional/FIR/dout_reg[24]/CK (DFF_X1)                 0.00       5.65 r
  library setup time                                     -0.03       5.62
  data required time                                                 5.62
  --------------------------------------------------------------------------
  data required time                                                 5.62
  data arrival time                                                 -4.33
  --------------------------------------------------------------------------
  slack (MET)                                                        1.29


  Startpoint: fractional/FIR/prod_stage_reg[148][0]
              (rising edge-triggered flip-flop clocked by clk)
  Endpoint: fractional/FIR/dout_reg[23]
            (rising edge-triggered flip-flop clocked by clk)
  Path Group: clk
  Path Type: max

  Des/Clust/Port     Wire Load Model       Library
  ------------------------------------------------
  FIR_IIR            5K_hvratio_1_1        NangateOpenCellLibrary_ss0p95vn40c

  Point                                                   Incr       Path
  --------------------------------------------------------------------------
  clock clk (rise edge)                                   0.00       0.00
  clock network delay (ideal)                             0.00       0.00
  fractional/FIR/prod_stage_reg[148][0]/CK (DFF_X1)       0.00 #     0.00 r
  fractional/FIR/prod_stage_reg[148][0]/Q (DFF_X1)        0.08       0.08 r
  fractional/FIR/add_157_root_add_0_root_add_62_I249/A[0] (FIR_compensator_pipelined_DATA_WIDTH32_COEFF_WIDTH32_TAPS250_COEFF_FRAC15_DW01_add_222)
                                                          0.00       0.08 r
  fractional/FIR/add_157_root_add_0_root_add_62_I249/U2/ZN (AND2_X1)
                                                          0.05       0.13 r
  fractional/FIR/add_157_root_add_0_root_add_62_I249/U1_1/S (FA_X1)
                                                          0.10       0.23 f
  fractional/FIR/add_157_root_add_0_root_add_62_I249/SUM[1] (FIR_compensator_pipelined_DATA_WIDTH32_COEFF_WIDTH32_TAPS250_COEFF_FRAC15_DW01_add_222)
                                                          0.00       0.23 f
  fractional/FIR/add_81_root_add_0_root_add_62_I249/B[1] (FIR_compensator_pipelined_DATA_WIDTH32_COEFF_WIDTH32_TAPS250_COEFF_FRAC15_DW01_add_221)
                                                          0.00       0.23 f
  fractional/FIR/add_81_root_add_0_root_add_62_I249/U1_1/S (FA_X1)
                                                          0.13       0.36 r
  fractional/FIR/add_81_root_add_0_root_add_62_I249/SUM[1] (FIR_compensator_pipelined_DATA_WIDTH32_COEFF_WIDTH32_TAPS250_COEFF_FRAC15_DW01_add_221)
                                                          0.00       0.36 r
  fractional/FIR/add_42_root_add_0_root_add_62_I249/B[1] (FIR_compensator_pipelined_DATA_WIDTH32_COEFF_WIDTH32_TAPS250_COEFF_FRAC15_DW01_add_220)
                                                          0.00       0.36 r
  fractional/FIR/add_42_root_add_0_root_add_62_I249/U1_1/S (FA_X1)
                                                          0.11       0.48 f
  fractional/FIR/add_42_root_add_0_root_add_62_I249/SUM[1] (FIR_compensator_pipelined_DATA_WIDTH32_COEFF_WIDTH32_TAPS250_COEFF_FRAC15_DW01_add_220)
                                                          0.00       0.48 f
  fractional/FIR/add_18_root_add_0_root_add_62_I249/B[1] (FIR_compensator_pipelined_DATA_WIDTH32_COEFF_WIDTH32_TAPS250_COEFF_FRAC15_DW01_add_219)
                                                          0.00       0.48 f
  fractional/FIR/add_18_root_add_0_root_add_62_I249/U1_1/S (FA_X1)
                                                          0.13       0.61 r
  fractional/FIR/add_18_root_add_0_root_add_62_I249/SUM[1] (FIR_compensator_pipelined_DATA_WIDTH32_COEFF_WIDTH32_TAPS250_COEFF_FRAC15_DW01_add_219)
                                                          0.00       0.61 r
  fractional/FIR/add_11_root_add_0_root_add_62_I249/B[1] (FIR_compensator_pipelined_DATA_WIDTH32_COEFF_WIDTH32_TAPS250_COEFF_FRAC15_DW01_add_218)
                                                          0.00       0.61 r
  fractional/FIR/add_11_root_add_0_root_add_62_I249/U1_1/S (FA_X1)
                                                          0.11       0.72 f
  fractional/FIR/add_11_root_add_0_root_add_62_I249/SUM[1] (FIR_compensator_pipelined_DATA_WIDTH32_COEFF_WIDTH32_TAPS250_COEFF_FRAC15_DW01_add_218)
                                                          0.00       0.72 f
  fractional/FIR/add_3_root_add_0_root_add_62_I249/B[1] (FIR_compensator_pipelined_DATA_WIDTH32_COEFF_WIDTH32_TAPS250_COEFF_FRAC15_DW01_add_3)
                                                          0.00       0.72 f
  fractional/FIR/add_3_root_add_0_root_add_62_I249/U1_1/CO (FA_X1)
                                                          0.09       0.81 f
  fractional/FIR/add_3_root_add_0_root_add_62_I249/U1_2/CO (FA_X1)
                                                          0.08       0.90 f
  fractional/FIR/add_3_root_add_0_root_add_62_I249/U1_3/CO (FA_X1)
                                                          0.08       0.98 f
  fractional/FIR/add_3_root_add_0_root_add_62_I249/U1_4/CO (FA_X1)
                                                          0.08       1.06 f
  fractional/FIR/add_3_root_add_0_root_add_62_I249/U1_5/CO (FA_X1)
                                                          0.08       1.14 f
  fractional/FIR/add_3_root_add_0_root_add_62_I249/U1_6/CO (FA_X1)
                                                          0.08       1.22 f
  fractional/FIR/add_3_root_add_0_root_add_62_I249/U1_7/CO (FA_X1)
                                                          0.08       1.30 f
  fractional/FIR/add_3_root_add_0_root_add_62_I249/U1_8/CO (FA_X1)
                                                          0.08       1.38 f
  fractional/FIR/add_3_root_add_0_root_add_62_I249/U1_9/CO (FA_X1)
                                                          0.08       1.47 f
  fractional/FIR/add_3_root_add_0_root_add_62_I249/U1_10/CO (FA_X1)
                                                          0.08       1.55 f
  fractional/FIR/add_3_root_add_0_root_add_62_I249/U1_11/S (FA_X1)
                                                          0.12       1.67 r
  fractional/FIR/add_3_root_add_0_root_add_62_I249/SUM[11] (FIR_compensator_pipelined_DATA_WIDTH32_COEFF_WIDTH32_TAPS250_COEFF_FRAC15_DW01_add_3)
                                                          0.00       1.67 r
  fractional/FIR/add_2_root_add_0_root_add_62_I249/B[11] (FIR_compensator_pipelined_DATA_WIDTH32_COEFF_WIDTH32_TAPS250_COEFF_FRAC15_DW01_add_2)
                                                          0.00       1.67 r
  fractional/FIR/add_2_root_add_0_root_add_62_I249/U1_11/S (FA_X1)
                                                          0.11       1.78 f
  fractional/FIR/add_2_root_add_0_root_add_62_I249/SUM[11] (FIR_compensator_pipelined_DATA_WIDTH32_COEFF_WIDTH32_TAPS250_COEFF_FRAC15_DW01_add_2)
                                                          0.00       1.78 f
  fractional/FIR/add_0_root_add_0_root_add_62_I249/A[11] (FIR_compensator_pipelined_DATA_WIDTH32_COEFF_WIDTH32_TAPS250_COEFF_FRAC15_DW01_add_0)
                                                          0.00       1.78 f
  fractional/FIR/add_0_root_add_0_root_add_62_I249/U34/ZN (OAI21_X1)
                                                          0.04       1.82 r
  fractional/FIR/add_0_root_add_0_root_add_62_I249/U22/ZN (INV_X1)
                                                          0.02       1.84 f
  fractional/FIR/add_0_root_add_0_root_add_62_I249/U33/ZN (AOI21_X1)
                                                          0.05       1.89 r
  fractional/FIR/add_0_root_add_0_root_add_62_I249/U23/ZN (INV_X1)
                                                          0.03       1.92 f
  fractional/FIR/add_0_root_add_0_root_add_62_I249/U32/ZN (OAI21_X1)
                                                          0.04       1.95 r
  fractional/FIR/add_0_root_add_0_root_add_62_I249/U31/ZN (OAI21_X1)
                                                          0.04       1.99 f
  fractional/FIR/add_0_root_add_0_root_add_62_I249/U30/ZN (OAI21_X1)
                                                          0.04       2.03 r
  fractional/FIR/add_0_root_add_0_root_add_62_I249/U3/ZN (INV_X1)
                                                          0.02       2.06 f
  fractional/FIR/add_0_root_add_0_root_add_62_I249/U29/ZN (AOI21_X1)
                                                          0.05       2.10 r
  fractional/FIR/add_0_root_add_0_root_add_62_I249/U1/ZN (INV_X1)
                                                          0.03       2.13 f
  fractional/FIR/add_0_root_add_0_root_add_62_I249/U28/ZN (OAI21_X1)
                                                          0.04       2.17 r
  fractional/FIR/add_0_root_add_0_root_add_62_I249/U27/ZN (OAI21_X1)
                                                          0.04       2.20 f
  fractional/FIR/add_0_root_add_0_root_add_62_I249/U1_15/CO (FA_X1)
                                                          0.08       2.28 f
  fractional/FIR/add_0_root_add_0_root_add_62_I249/U1_16/CO (FA_X1)
                                                          0.08       2.37 f
  fractional/FIR/add_0_root_add_0_root_add_62_I249/U1_17/CO (FA_X1)
                                                          0.08       2.45 f
  fractional/FIR/add_0_root_add_0_root_add_62_I249/U1_18/CO (FA_X1)
                                                          0.08       2.53 f
  fractional/FIR/add_0_root_add_0_root_add_62_I249/U1_19/CO (FA_X1)
                                                          0.08       2.61 f
  fractional/FIR/add_0_root_add_0_root_add_62_I249/U1_20/CO (FA_X1)
                                                          0.08       2.69 f
  fractional/FIR/add_0_root_add_0_root_add_62_I249/U1_21/CO (FA_X1)
                                                          0.08       2.77 f
  fractional/FIR/add_0_root_add_0_root_add_62_I249/U1_22/CO (FA_X1)
                                                          0.08       2.85 f
  fractional/FIR/add_0_root_add_0_root_add_62_I249/U1_23/CO (FA_X1)
                                                          0.08       2.94 f
  fractional/FIR/add_0_root_add_0_root_add_62_I249/U1_24/CO (FA_X1)
                                                          0.08       3.02 f
  fractional/FIR/add_0_root_add_0_root_add_62_I249/U1_25/CO (FA_X1)
                                                          0.08       3.10 f
  fractional/FIR/add_0_root_add_0_root_add_62_I249/U1_26/CO (FA_X1)
                                                          0.08       3.18 f
  fractional/FIR/add_0_root_add_0_root_add_62_I249/U1_27/CO (FA_X1)
                                                          0.08       3.26 f
  fractional/FIR/add_0_root_add_0_root_add_62_I249/U1_28/CO (FA_X1)
                                                          0.08       3.34 f
  fractional/FIR/add_0_root_add_0_root_add_62_I249/U1_29/CO (FA_X1)
                                                          0.08       3.42 f
  fractional/FIR/add_0_root_add_0_root_add_62_I249/U1_30/CO (FA_X1)
                                                          0.08       3.51 f
  fractional/FIR/add_0_root_add_0_root_add_62_I249/U1_31/CO (FA_X1)
                                                          0.08       3.59 f
  fractional/FIR/add_0_root_add_0_root_add_62_I249/U1_32/CO (FA_X1)
                                                          0.08       3.67 f
  fractional/FIR/add_0_root_add_0_root_add_62_I249/U1_33/CO (FA_X1)
                                                          0.08       3.75 f
  fractional/FIR/add_0_root_add_0_root_add_62_I249/U1_34/CO (FA_X1)
                                                          0.08       3.83 f
  fractional/FIR/add_0_root_add_0_root_add_62_I249/U1_35/CO (FA_X1)
                                                          0.08       3.91 f
  fractional/FIR/add_0_root_add_0_root_add_62_I249/U1_36/CO (FA_X1)
                                                          0.08       4.00 f
  fractional/FIR/add_0_root_add_0_root_add_62_I249/U1_37/CO (FA_X1)
                                                          0.08       4.08 f
  fractional/FIR/add_0_root_add_0_root_add_62_I249/U1_38/S (FA_X1)
                                                          0.11       4.19 r
  fractional/FIR/add_0_root_add_0_root_add_62_I249/SUM[38] (FIR_compensator_pipelined_DATA_WIDTH32_COEFF_WIDTH32_TAPS250_COEFF_FRAC15_DW01_add_0)
                                                          0.00       4.19 r
  fractional/FIR/U6944/ZN (AOI22_X1)                      0.03       4.22 f
  fractional/FIR/U6943/ZN (INV_X1)                        0.03       4.24 r
  fractional/FIR/dout_reg[23]/D (DFF_X1)                  0.01       4.25 r
  data arrival time                                                  4.25

  clock clk (rise edge)                                   6.00       6.00
  clock network delay (ideal)                             0.00       6.00
  clock uncertainty                                      -0.35       5.65
  fractional/FIR/dout_reg[23]/CK (DFF_X1)                 0.00       5.65 r
  library setup time                                     -0.03       5.62
  data required time                                                 5.62
  --------------------------------------------------------------------------
  data required time                                                 5.62
  data arrival time                                                 -4.25
  --------------------------------------------------------------------------
  slack (MET)                                                        1.37


  Startpoint: fractional/FIR/prod_stage_reg[148][0]
              (rising edge-triggered flip-flop clocked by clk)
  Endpoint: fractional/FIR/dout_reg[22]
            (rising edge-triggered flip-flop clocked by clk)
  Path Group: clk
  Path Type: max

  Des/Clust/Port     Wire Load Model       Library
  ------------------------------------------------
  FIR_IIR            5K_hvratio_1_1        NangateOpenCellLibrary_ss0p95vn40c

  Point                                                   Incr       Path
  --------------------------------------------------------------------------
  clock clk (rise edge)                                   0.00       0.00
  clock network delay (ideal)                             0.00       0.00
  fractional/FIR/prod_stage_reg[148][0]/CK (DFF_X1)       0.00 #     0.00 r
  fractional/FIR/prod_stage_reg[148][0]/Q (DFF_X1)        0.08       0.08 r
  fractional/FIR/add_157_root_add_0_root_add_62_I249/A[0] (FIR_compensator_pipelined_DATA_WIDTH32_COEFF_WIDTH32_TAPS250_COEFF_FRAC15_DW01_add_222)
                                                          0.00       0.08 r
  fractional/FIR/add_157_root_add_0_root_add_62_I249/U2/ZN (AND2_X1)
                                                          0.05       0.13 r
  fractional/FIR/add_157_root_add_0_root_add_62_I249/U1_1/S (FA_X1)
                                                          0.10       0.23 f
  fractional/FIR/add_157_root_add_0_root_add_62_I249/SUM[1] (FIR_compensator_pipelined_DATA_WIDTH32_COEFF_WIDTH32_TAPS250_COEFF_FRAC15_DW01_add_222)
                                                          0.00       0.23 f
  fractional/FIR/add_81_root_add_0_root_add_62_I249/B[1] (FIR_compensator_pipelined_DATA_WIDTH32_COEFF_WIDTH32_TAPS250_COEFF_FRAC15_DW01_add_221)
                                                          0.00       0.23 f
  fractional/FIR/add_81_root_add_0_root_add_62_I249/U1_1/S (FA_X1)
                                                          0.13       0.36 r
  fractional/FIR/add_81_root_add_0_root_add_62_I249/SUM[1] (FIR_compensator_pipelined_DATA_WIDTH32_COEFF_WIDTH32_TAPS250_COEFF_FRAC15_DW01_add_221)
                                                          0.00       0.36 r
  fractional/FIR/add_42_root_add_0_root_add_62_I249/B[1] (FIR_compensator_pipelined_DATA_WIDTH32_COEFF_WIDTH32_TAPS250_COEFF_FRAC15_DW01_add_220)
                                                          0.00       0.36 r
  fractional/FIR/add_42_root_add_0_root_add_62_I249/U1_1/S (FA_X1)
                                                          0.11       0.48 f
  fractional/FIR/add_42_root_add_0_root_add_62_I249/SUM[1] (FIR_compensator_pipelined_DATA_WIDTH32_COEFF_WIDTH32_TAPS250_COEFF_FRAC15_DW01_add_220)
                                                          0.00       0.48 f
  fractional/FIR/add_18_root_add_0_root_add_62_I249/B[1] (FIR_compensator_pipelined_DATA_WIDTH32_COEFF_WIDTH32_TAPS250_COEFF_FRAC15_DW01_add_219)
                                                          0.00       0.48 f
  fractional/FIR/add_18_root_add_0_root_add_62_I249/U1_1/S (FA_X1)
                                                          0.13       0.61 r
  fractional/FIR/add_18_root_add_0_root_add_62_I249/SUM[1] (FIR_compensator_pipelined_DATA_WIDTH32_COEFF_WIDTH32_TAPS250_COEFF_FRAC15_DW01_add_219)
                                                          0.00       0.61 r
  fractional/FIR/add_11_root_add_0_root_add_62_I249/B[1] (FIR_compensator_pipelined_DATA_WIDTH32_COEFF_WIDTH32_TAPS250_COEFF_FRAC15_DW01_add_218)
                                                          0.00       0.61 r
  fractional/FIR/add_11_root_add_0_root_add_62_I249/U1_1/S (FA_X1)
                                                          0.11       0.72 f
  fractional/FIR/add_11_root_add_0_root_add_62_I249/SUM[1] (FIR_compensator_pipelined_DATA_WIDTH32_COEFF_WIDTH32_TAPS250_COEFF_FRAC15_DW01_add_218)
                                                          0.00       0.72 f
  fractional/FIR/add_3_root_add_0_root_add_62_I249/B[1] (FIR_compensator_pipelined_DATA_WIDTH32_COEFF_WIDTH32_TAPS250_COEFF_FRAC15_DW01_add_3)
                                                          0.00       0.72 f
  fractional/FIR/add_3_root_add_0_root_add_62_I249/U1_1/CO (FA_X1)
                                                          0.09       0.81 f
  fractional/FIR/add_3_root_add_0_root_add_62_I249/U1_2/CO (FA_X1)
                                                          0.08       0.90 f
  fractional/FIR/add_3_root_add_0_root_add_62_I249/U1_3/CO (FA_X1)
                                                          0.08       0.98 f
  fractional/FIR/add_3_root_add_0_root_add_62_I249/U1_4/CO (FA_X1)
                                                          0.08       1.06 f
  fractional/FIR/add_3_root_add_0_root_add_62_I249/U1_5/CO (FA_X1)
                                                          0.08       1.14 f
  fractional/FIR/add_3_root_add_0_root_add_62_I249/U1_6/CO (FA_X1)
                                                          0.08       1.22 f
  fractional/FIR/add_3_root_add_0_root_add_62_I249/U1_7/CO (FA_X1)
                                                          0.08       1.30 f
  fractional/FIR/add_3_root_add_0_root_add_62_I249/U1_8/CO (FA_X1)
                                                          0.08       1.38 f
  fractional/FIR/add_3_root_add_0_root_add_62_I249/U1_9/CO (FA_X1)
                                                          0.08       1.47 f
  fractional/FIR/add_3_root_add_0_root_add_62_I249/U1_10/CO (FA_X1)
                                                          0.08       1.55 f
  fractional/FIR/add_3_root_add_0_root_add_62_I249/U1_11/S (FA_X1)
                                                          0.12       1.67 r
  fractional/FIR/add_3_root_add_0_root_add_62_I249/SUM[11] (FIR_compensator_pipelined_DATA_WIDTH32_COEFF_WIDTH32_TAPS250_COEFF_FRAC15_DW01_add_3)
                                                          0.00       1.67 r
  fractional/FIR/add_2_root_add_0_root_add_62_I249/B[11] (FIR_compensator_pipelined_DATA_WIDTH32_COEFF_WIDTH32_TAPS250_COEFF_FRAC15_DW01_add_2)
                                                          0.00       1.67 r
  fractional/FIR/add_2_root_add_0_root_add_62_I249/U1_11/S (FA_X1)
                                                          0.11       1.78 f
  fractional/FIR/add_2_root_add_0_root_add_62_I249/SUM[11] (FIR_compensator_pipelined_DATA_WIDTH32_COEFF_WIDTH32_TAPS250_COEFF_FRAC15_DW01_add_2)
                                                          0.00       1.78 f
  fractional/FIR/add_0_root_add_0_root_add_62_I249/A[11] (FIR_compensator_pipelined_DATA_WIDTH32_COEFF_WIDTH32_TAPS250_COEFF_FRAC15_DW01_add_0)
                                                          0.00       1.78 f
  fractional/FIR/add_0_root_add_0_root_add_62_I249/U34/ZN (OAI21_X1)
                                                          0.04       1.82 r
  fractional/FIR/add_0_root_add_0_root_add_62_I249/U22/ZN (INV_X1)
                                                          0.02       1.84 f
  fractional/FIR/add_0_root_add_0_root_add_62_I249/U33/ZN (AOI21_X1)
                                                          0.05       1.89 r
  fractional/FIR/add_0_root_add_0_root_add_62_I249/U23/ZN (INV_X1)
                                                          0.03       1.92 f
  fractional/FIR/add_0_root_add_0_root_add_62_I249/U32/ZN (OAI21_X1)
                                                          0.04       1.95 r
  fractional/FIR/add_0_root_add_0_root_add_62_I249/U31/ZN (OAI21_X1)
                                                          0.04       1.99 f
  fractional/FIR/add_0_root_add_0_root_add_62_I249/U30/ZN (OAI21_X1)
                                                          0.04       2.03 r
  fractional/FIR/add_0_root_add_0_root_add_62_I249/U3/ZN (INV_X1)
                                                          0.02       2.06 f
  fractional/FIR/add_0_root_add_0_root_add_62_I249/U29/ZN (AOI21_X1)
                                                          0.05       2.10 r
  fractional/FIR/add_0_root_add_0_root_add_62_I249/U1/ZN (INV_X1)
                                                          0.03       2.13 f
  fractional/FIR/add_0_root_add_0_root_add_62_I249/U28/ZN (OAI21_X1)
                                                          0.04       2.17 r
  fractional/FIR/add_0_root_add_0_root_add_62_I249/U27/ZN (OAI21_X1)
                                                          0.04       2.20 f
  fractional/FIR/add_0_root_add_0_root_add_62_I249/U1_15/CO (FA_X1)
                                                          0.08       2.28 f
  fractional/FIR/add_0_root_add_0_root_add_62_I249/U1_16/CO (FA_X1)
                                                          0.08       2.37 f
  fractional/FIR/add_0_root_add_0_root_add_62_I249/U1_17/CO (FA_X1)
                                                          0.08       2.45 f
  fractional/FIR/add_0_root_add_0_root_add_62_I249/U1_18/CO (FA_X1)
                                                          0.08       2.53 f
  fractional/FIR/add_0_root_add_0_root_add_62_I249/U1_19/CO (FA_X1)
                                                          0.08       2.61 f
  fractional/FIR/add_0_root_add_0_root_add_62_I249/U1_20/CO (FA_X1)
                                                          0.08       2.69 f
  fractional/FIR/add_0_root_add_0_root_add_62_I249/U1_21/CO (FA_X1)
                                                          0.08       2.77 f
  fractional/FIR/add_0_root_add_0_root_add_62_I249/U1_22/CO (FA_X1)
                                                          0.08       2.85 f
  fractional/FIR/add_0_root_add_0_root_add_62_I249/U1_23/CO (FA_X1)
                                                          0.08       2.94 f
  fractional/FIR/add_0_root_add_0_root_add_62_I249/U1_24/CO (FA_X1)
                                                          0.08       3.02 f
  fractional/FIR/add_0_root_add_0_root_add_62_I249/U1_25/CO (FA_X1)
                                                          0.08       3.10 f
  fractional/FIR/add_0_root_add_0_root_add_62_I249/U1_26/CO (FA_X1)
                                                          0.08       3.18 f
  fractional/FIR/add_0_root_add_0_root_add_62_I249/U1_27/CO (FA_X1)
                                                          0.08       3.26 f
  fractional/FIR/add_0_root_add_0_root_add_62_I249/U1_28/CO (FA_X1)
                                                          0.08       3.34 f
  fractional/FIR/add_0_root_add_0_root_add_62_I249/U1_29/CO (FA_X1)
                                                          0.08       3.42 f
  fractional/FIR/add_0_root_add_0_root_add_62_I249/U1_30/CO (FA_X1)
                                                          0.08       3.51 f
  fractional/FIR/add_0_root_add_0_root_add_62_I249/U1_31/CO (FA_X1)
                                                          0.08       3.59 f
  fractional/FIR/add_0_root_add_0_root_add_62_I249/U1_32/CO (FA_X1)
                                                          0.08       3.67 f
  fractional/FIR/add_0_root_add_0_root_add_62_I249/U1_33/CO (FA_X1)
                                                          0.08       3.75 f
  fractional/FIR/add_0_root_add_0_root_add_62_I249/U1_34/CO (FA_X1)
                                                          0.08       3.83 f
  fractional/FIR/add_0_root_add_0_root_add_62_I249/U1_35/CO (FA_X1)
                                                          0.08       3.91 f
  fractional/FIR/add_0_root_add_0_root_add_62_I249/U1_36/CO (FA_X1)
                                                          0.08       4.00 f
  fractional/FIR/add_0_root_add_0_root_add_62_I249/U1_37/S (FA_X1)
                                                          0.11       4.11 r
  fractional/FIR/add_0_root_add_0_root_add_62_I249/SUM[37] (FIR_compensator_pipelined_DATA_WIDTH32_COEFF_WIDTH32_TAPS250_COEFF_FRAC15_DW01_add_0)
                                                          0.00       4.11 r
  fractional/FIR/U6942/ZN (AOI22_X1)                      0.03       4.14 f
  fractional/FIR/U6941/ZN (INV_X1)                        0.03       4.16 r
  fractional/FIR/dout_reg[22]/D (DFF_X1)                  0.01       4.17 r
  data arrival time                                                  4.17

  clock clk (rise edge)                                   6.00       6.00
  clock network delay (ideal)                             0.00       6.00
  clock uncertainty                                      -0.35       5.65
  fractional/FIR/dout_reg[22]/CK (DFF_X1)                 0.00       5.65 r
  library setup time                                     -0.03       5.62
  data required time                                                 5.62
  --------------------------------------------------------------------------
  data required time                                                 5.62
  data arrival time                                                 -4.17
  --------------------------------------------------------------------------
  slack (MET)                                                        1.45


  Startpoint: IIR/IIR_stage1/z1_reg[0]
              (rising edge-triggered flip-flop clocked by clk_1)
  Endpoint: IIR/IIR_stage2/z1_reg[36]
            (rising edge-triggered flip-flop clocked by clk_1)
  Path Group: clk_1
  Path Type: max

  Des/Clust/Port     Wire Load Model       Library
  ------------------------------------------------
  FIR_IIR            5K_hvratio_1_1        NangateOpenCellLibrary_ss0p95vn40c

  Point                                                   Incr       Path
  --------------------------------------------------------------------------
  clock clk_1 (rise edge)                                 0.00       0.00
  clock network delay (ideal)                             0.00       0.00
  IIR/IIR_stage1/z1_reg[0]/CK (DFFR_X1)                   0.00       0.00 r
  IIR/IIR_stage1/z1_reg[0]/Q (DFFR_X1)                    0.08       0.08 f
  IIR/IIR_stage1/add_42/A[0] (IIR_R1020054732_CO_THETA536870912_DW01_add_1)
                                                          0.00       0.08 f
  IIR/IIR_stage1/add_42/U4/ZN (AND2_X1)                   0.04       0.12 f
  IIR/IIR_stage1/add_42/U1_1/CO (FA_X1)                   0.08       0.20 f
  IIR/IIR_stage1/add_42/U1_2/CO (FA_X1)                   0.08       0.28 f
  IIR/IIR_stage1/add_42/U1_3/CO (FA_X1)                   0.08       0.37 f
  IIR/IIR_stage1/add_42/U1_4/CO (FA_X1)                   0.08       0.45 f
  IIR/IIR_stage1/add_42/U1_5/CO (FA_X1)                   0.08       0.53 f
  IIR/IIR_stage1/add_42/U1_6/CO (FA_X1)                   0.08       0.61 f
  IIR/IIR_stage1/add_42/U1_7/CO (FA_X1)                   0.08       0.69 f
  IIR/IIR_stage1/add_42/U1_8/CO (FA_X1)                   0.08       0.77 f
  IIR/IIR_stage1/add_42/U1_9/CO (FA_X1)                   0.08       0.85 f
  IIR/IIR_stage1/add_42/U1_10/CO (FA_X1)                  0.08       0.94 f
  IIR/IIR_stage1/add_42/U1_11/CO (FA_X1)                  0.08       1.02 f
  IIR/IIR_stage1/add_42/U1_12/CO (FA_X1)                  0.08       1.10 f
  IIR/IIR_stage1/add_42/U1_13/CO (FA_X1)                  0.08       1.18 f
  IIR/IIR_stage1/add_42/U1_14/CO (FA_X1)                  0.08       1.26 f
  IIR/IIR_stage1/add_42/U1_15/CO (FA_X1)                  0.08       1.34 f
  IIR/IIR_stage1/add_42/U1_16/CO (FA_X1)                  0.08       1.42 f
  IIR/IIR_stage1/add_42/U1_17/CO (FA_X1)                  0.08       1.51 f
  IIR/IIR_stage1/add_42/U1_18/CO (FA_X1)                  0.08       1.59 f
  IIR/IIR_stage1/add_42/U1_19/CO (FA_X1)                  0.08       1.67 f
  IIR/IIR_stage1/add_42/U1_20/CO (FA_X1)                  0.08       1.75 f
  IIR/IIR_stage1/add_42/U1_21/CO (FA_X1)                  0.08       1.83 f
  IIR/IIR_stage1/add_42/U1_22/CO (FA_X1)                  0.08       1.91 f
  IIR/IIR_stage1/add_42/U1_23/CO (FA_X1)                  0.08       1.99 f
  IIR/IIR_stage1/add_42/U1_24/CO (FA_X1)                  0.08       2.08 f
  IIR/IIR_stage1/add_42/U1_25/CO (FA_X1)                  0.08       2.16 f
  IIR/IIR_stage1/add_42/U1_26/CO (FA_X1)                  0.08       2.24 f
  IIR/IIR_stage1/add_42/U1_27/CO (FA_X1)                  0.08       2.32 f
  IIR/IIR_stage1/add_42/U1_28/CO (FA_X1)                  0.08       2.40 f
  IIR/IIR_stage1/add_42/U1_29/CO (FA_X1)                  0.08       2.48 f
  IIR/IIR_stage1/add_42/U1_30/CO (FA_X1)                  0.08       2.56 f
  IIR/IIR_stage1/add_42/U21/ZN (OAI21_X1)                 0.03       2.59 r
  IIR/IIR_stage1/add_42/U3/ZN (INV_X1)                    0.02       2.62 f
  IIR/IIR_stage1/add_42/U20/ZN (AOI21_X1)                 0.05       2.66 r
  IIR/IIR_stage1/add_42/U19/ZN (AND2_X1)                  0.05       2.71 r
  IIR/IIR_stage1/add_42/U18/ZN (OAI22_X1)                 0.03       2.74 f
  IIR/IIR_stage1/add_42/U17/ZN (OR2_X1)                   0.05       2.80 f
  IIR/IIR_stage1/add_42/U16/ZN (AOI22_X1)                 0.05       2.85 r
  IIR/IIR_stage1/add_42/U15/ZN (AND2_X1)                  0.05       2.89 r
  IIR/IIR_stage1/add_42/U14/ZN (OAI22_X1)                 0.03       2.93 f
  IIR/IIR_stage1/add_42/U13/ZN (OR2_X1)                   0.05       2.98 f
  IIR/IIR_stage1/add_42/U12/ZN (AOI22_X1)                 0.05       3.03 r
  IIR/IIR_stage1/add_42/U11/ZN (AND2_X1)                  0.05       3.08 r
  IIR/IIR_stage1/add_42/U10/ZN (OAI22_X1)                 0.03       3.11 f
  IIR/IIR_stage1/add_42/U1_37/S (FA_X1)                   0.09       3.20 f
  IIR/IIR_stage1/add_42/SUM[37] (IIR_R1020054732_CO_THETA536870912_DW01_add_1)
                                                          0.00       3.20 f
  IIR/IIR_stage1/U15/Z (BUF_X2)                           0.10       3.30 f
  IIR/IIR_stage1/o_filtered_sample[31] (IIR_R1020054732_CO_THETA536870912)
                                                          0.00       3.30 f
  IIR/IIR_stage2/i_sample[31] (IIR_R1020054732_CO_THETAn868675383)
                                                          0.00       3.30 f
  IIR/IIR_stage2/add_42/B[31] (IIR_R1020054732_CO_THETAn868675383_DW01_add_1)
                                                          0.00       3.30 f
  IIR/IIR_stage2/add_42/U24/ZN (OAI21_X1)                 0.08       3.38 r
  IIR/IIR_stage2/add_42/U23/ZN (OAI21_X1)                 0.04       3.42 f
  IIR/IIR_stage2/add_42/U22/ZN (OAI21_X1)                 0.04       3.46 r
  IIR/IIR_stage2/add_42/U21/ZN (OAI21_X1)                 0.04       3.50 f
  IIR/IIR_stage2/add_42/U20/ZN (OAI21_X1)                 0.04       3.54 r
  IIR/IIR_stage2/add_42/U3/ZN (INV_X1)                    0.02       3.56 f
  IIR/IIR_stage2/add_42/U19/ZN (AOI21_X1)                 0.05       3.61 r
  IIR/IIR_stage2/add_42/U6/ZN (INV_X1)                    0.03       3.64 f
  IIR/IIR_stage2/add_42/U18/ZN (OAI21_X1)                 0.04       3.68 r
  IIR/IIR_stage2/add_42/U17/ZN (OAI21_X1)                 0.04       3.72 f
  IIR/IIR_stage2/add_42/U16/ZN (OAI21_X1)                 0.04       3.76 r
  IIR/IIR_stage2/add_42/U4/ZN (INV_X1)                    0.02       3.78 f
  IIR/IIR_stage2/add_42/U15/ZN (AOI21_X1)                 0.05       3.83 r
  IIR/IIR_stage2/add_42/U7/ZN (INV_X1)                    0.03       3.86 f
  IIR/IIR_stage2/add_42/U14/ZN (OAI21_X1)                 0.04       3.89 r
  IIR/IIR_stage2/add_42/U13/ZN (OAI21_X1)                 0.04       3.93 f
  IIR/IIR_stage2/add_42/U1_37/S (FA_X1)                   0.21       4.14 r
  IIR/IIR_stage2/add_42/SUM[37] (IIR_R1020054732_CO_THETAn868675383_DW01_add_1)
                                                          0.00       4.14 r
  IIR/IIR_stage2/mult_44/a[31] (IIR_R1020054732_CO_THETAn868675383_DW_mult_tc_1)
                                                          0.00       4.14 r
  IIR/IIR_stage2/mult_44/U183/S (FA_X1)                   0.17       4.32 f
  IIR/IIR_stage2/mult_44/U179/CO (FA_X1)                  0.10       4.41 f
  IIR/IIR_stage2/mult_44/U171/S (FA_X1)                   0.13       4.54 r
  IIR/IIR_stage2/mult_44/U170/S (FA_X1)                   0.11       4.65 f
  IIR/IIR_stage2/mult_44/U30/CO (FA_X1)                   0.09       4.74 f
  IIR/IIR_stage2/mult_44/U29/CO (FA_X1)                   0.08       4.82 f
  IIR/IIR_stage2/mult_44/U28/CO (FA_X1)                   0.08       4.90 f
  IIR/IIR_stage2/mult_44/U27/CO (FA_X1)                   0.08       4.98 f
  IIR/IIR_stage2/mult_44/U26/CO (FA_X1)                   0.08       5.06 f
  IIR/IIR_stage2/mult_44/U25/CO (FA_X1)                   0.08       5.14 f
  IIR/IIR_stage2/mult_44/U24/CO (FA_X1)                   0.08       5.23 f
  IIR/IIR_stage2/mult_44/U23/CO (FA_X1)                   0.08       5.31 f
  IIR/IIR_stage2/mult_44/U22/CO (FA_X1)                   0.08       5.39 f
  IIR/IIR_stage2/mult_44/U21/CO (FA_X1)                   0.08       5.47 f
  IIR/IIR_stage2/mult_44/U20/CO (FA_X1)                   0.08       5.55 f
  IIR/IIR_stage2/mult_44/U19/CO (FA_X1)                   0.08       5.63 f
  IIR/IIR_stage2/mult_44/U18/CO (FA_X1)                   0.08       5.71 f
  IIR/IIR_stage2/mult_44/U17/CO (FA_X1)                   0.08       5.80 f
  IIR/IIR_stage2/mult_44/U16/CO (FA_X1)                   0.08       5.88 f
  IIR/IIR_stage2/mult_44/U15/CO (FA_X1)                   0.08       5.96 f
  IIR/IIR_stage2/mult_44/U14/CO (FA_X1)                   0.08       6.04 f
  IIR/IIR_stage2/mult_44/U13/CO (FA_X1)                   0.08       6.12 f
  IIR/IIR_stage2/mult_44/U12/CO (FA_X1)                   0.08       6.20 f
  IIR/IIR_stage2/mult_44/U11/CO (FA_X1)                   0.08       6.28 f
  IIR/IIR_stage2/mult_44/U10/CO (FA_X1)                   0.08       6.37 f
  IIR/IIR_stage2/mult_44/U9/CO (FA_X1)                    0.08       6.45 f
  IIR/IIR_stage2/mult_44/U8/CO (FA_X1)                    0.08       6.53 f
  IIR/IIR_stage2/mult_44/U7/CO (FA_X1)                    0.08       6.61 f
  IIR/IIR_stage2/mult_44/U6/CO (FA_X1)                    0.08       6.69 f
  IIR/IIR_stage2/mult_44/U5/CO (FA_X1)                    0.08       6.77 f
  IIR/IIR_stage2/mult_44/U4/CO (FA_X1)                    0.08       6.86 f
  IIR/IIR_stage2/mult_44/U3/CO (FA_X1)                    0.08       6.94 f
  IIR/IIR_stage2/mult_44/U2/S (FA_X1)                     0.12       7.06 r
  IIR/IIR_stage2/mult_44/product[61] (IIR_R1020054732_CO_THETAn868675383_DW_mult_tc_1)
                                                          0.00       7.06 r
  IIR/IIR_stage2/sub_46/A[31] (IIR_R1020054732_CO_THETAn868675383_DW01_sub_1)
                                                          0.00       7.06 r
  IIR/IIR_stage2/sub_46/U2_31/S (FA_X1)                   0.11       7.17 f
  IIR/IIR_stage2/sub_46/DIFF[31] (IIR_R1020054732_CO_THETAn868675383_DW01_sub_1)
                                                          0.00       7.17 f
  IIR/IIR_stage2/add_57/A[32] (IIR_R1020054732_CO_THETAn868675383_DW01_add_0)
                                                          0.00       7.17 f
  IIR/IIR_stage2/add_57/U1_32/CO (FA_X1)                  0.09       7.26 f
  IIR/IIR_stage2/add_57/U1_33/CO (FA_X1)                  0.08       7.34 f
  IIR/IIR_stage2/add_57/U1_34/CO (FA_X1)                  0.08       7.42 f
  IIR/IIR_stage2/add_57/U1_35/CO (FA_X1)                  0.08       7.50 f
  IIR/IIR_stage2/add_57/U1_36/S (FA_X1)                   0.11       7.62 r
  IIR/IIR_stage2/add_57/SUM[36] (IIR_R1020054732_CO_THETAn868675383_DW01_add_0)
                                                          0.00       7.62 r
  IIR/IIR_stage2/U24/ZN (NAND2_X1)                        0.03       7.64 f
  IIR/IIR_stage2/U23/ZN (OAI21_X1)                        0.03       7.67 r
  IIR/IIR_stage2/z1_reg[36]/D (DFFR_X1)                   0.01       7.68 r
  data arrival time                                                  7.68

  clock clk_1 (rise edge)                                18.00      18.00
  clock network delay (ideal)                             0.00      18.00
  clock uncertainty                                      -0.35      17.65
  IIR/IIR_stage2/z1_reg[36]/CK (DFFR_X1)                  0.00      17.65 r
  library setup time                                     -0.04      17.61
  data required time                                                17.61
  --------------------------------------------------------------------------
  data required time                                                17.61
  data arrival time                                                 -7.68
  --------------------------------------------------------------------------
  slack (MET)                                                        9.93


  Startpoint: IIR/IIR_stage1/z1_reg[0]
              (rising edge-triggered flip-flop clocked by clk_1)
  Endpoint: IIR/IIR_stage2/z2_reg[34]
            (rising edge-triggered flip-flop clocked by clk_1)
  Path Group: clk_1
  Path Type: max

  Des/Clust/Port     Wire Load Model       Library
  ------------------------------------------------
  FIR_IIR            5K_hvratio_1_1        NangateOpenCellLibrary_ss0p95vn40c

  Point                                                   Incr       Path
  --------------------------------------------------------------------------
  clock clk_1 (rise edge)                                 0.00       0.00
  clock network delay (ideal)                             0.00       0.00
  IIR/IIR_stage1/z1_reg[0]/CK (DFFR_X1)                   0.00       0.00 r
  IIR/IIR_stage1/z1_reg[0]/Q (DFFR_X1)                    0.08       0.08 f
  IIR/IIR_stage1/add_42/A[0] (IIR_R1020054732_CO_THETA536870912_DW01_add_1)
                                                          0.00       0.08 f
  IIR/IIR_stage1/add_42/U4/ZN (AND2_X1)                   0.04       0.12 f
  IIR/IIR_stage1/add_42/U1_1/CO (FA_X1)                   0.08       0.20 f
  IIR/IIR_stage1/add_42/U1_2/CO (FA_X1)                   0.08       0.28 f
  IIR/IIR_stage1/add_42/U1_3/CO (FA_X1)                   0.08       0.37 f
  IIR/IIR_stage1/add_42/U1_4/CO (FA_X1)                   0.08       0.45 f
  IIR/IIR_stage1/add_42/U1_5/CO (FA_X1)                   0.08       0.53 f
  IIR/IIR_stage1/add_42/U1_6/CO (FA_X1)                   0.08       0.61 f
  IIR/IIR_stage1/add_42/U1_7/CO (FA_X1)                   0.08       0.69 f
  IIR/IIR_stage1/add_42/U1_8/CO (FA_X1)                   0.08       0.77 f
  IIR/IIR_stage1/add_42/U1_9/CO (FA_X1)                   0.08       0.85 f
  IIR/IIR_stage1/add_42/U1_10/CO (FA_X1)                  0.08       0.94 f
  IIR/IIR_stage1/add_42/U1_11/CO (FA_X1)                  0.08       1.02 f
  IIR/IIR_stage1/add_42/U1_12/CO (FA_X1)                  0.08       1.10 f
  IIR/IIR_stage1/add_42/U1_13/CO (FA_X1)                  0.08       1.18 f
  IIR/IIR_stage1/add_42/U1_14/CO (FA_X1)                  0.08       1.26 f
  IIR/IIR_stage1/add_42/U1_15/CO (FA_X1)                  0.08       1.34 f
  IIR/IIR_stage1/add_42/U1_16/CO (FA_X1)                  0.08       1.42 f
  IIR/IIR_stage1/add_42/U1_17/CO (FA_X1)                  0.08       1.51 f
  IIR/IIR_stage1/add_42/U1_18/CO (FA_X1)                  0.08       1.59 f
  IIR/IIR_stage1/add_42/U1_19/CO (FA_X1)                  0.08       1.67 f
  IIR/IIR_stage1/add_42/U1_20/CO (FA_X1)                  0.08       1.75 f
  IIR/IIR_stage1/add_42/U1_21/CO (FA_X1)                  0.08       1.83 f
  IIR/IIR_stage1/add_42/U1_22/CO (FA_X1)                  0.08       1.91 f
  IIR/IIR_stage1/add_42/U1_23/CO (FA_X1)                  0.08       1.99 f
  IIR/IIR_stage1/add_42/U1_24/CO (FA_X1)                  0.08       2.08 f
  IIR/IIR_stage1/add_42/U1_25/CO (FA_X1)                  0.08       2.16 f
  IIR/IIR_stage1/add_42/U1_26/CO (FA_X1)                  0.08       2.24 f
  IIR/IIR_stage1/add_42/U1_27/CO (FA_X1)                  0.08       2.32 f
  IIR/IIR_stage1/add_42/U1_28/CO (FA_X1)                  0.08       2.40 f
  IIR/IIR_stage1/add_42/U1_29/CO (FA_X1)                  0.08       2.48 f
  IIR/IIR_stage1/add_42/U1_30/CO (FA_X1)                  0.08       2.56 f
  IIR/IIR_stage1/add_42/U21/ZN (OAI21_X1)                 0.03       2.59 r
  IIR/IIR_stage1/add_42/U3/ZN (INV_X1)                    0.02       2.62 f
  IIR/IIR_stage1/add_42/U20/ZN (AOI21_X1)                 0.05       2.66 r
  IIR/IIR_stage1/add_42/U19/ZN (AND2_X1)                  0.05       2.71 r
  IIR/IIR_stage1/add_42/U18/ZN (OAI22_X1)                 0.03       2.74 f
  IIR/IIR_stage1/add_42/U17/ZN (OR2_X1)                   0.05       2.80 f
  IIR/IIR_stage1/add_42/U16/ZN (AOI22_X1)                 0.05       2.85 r
  IIR/IIR_stage1/add_42/U15/ZN (AND2_X1)                  0.05       2.89 r
  IIR/IIR_stage1/add_42/U14/ZN (OAI22_X1)                 0.03       2.93 f
  IIR/IIR_stage1/add_42/U13/ZN (OR2_X1)                   0.05       2.98 f
  IIR/IIR_stage1/add_42/U12/ZN (AOI22_X1)                 0.05       3.03 r
  IIR/IIR_stage1/add_42/U11/ZN (AND2_X1)                  0.05       3.08 r
  IIR/IIR_stage1/add_42/U10/ZN (OAI22_X1)                 0.03       3.11 f
  IIR/IIR_stage1/add_42/U1_37/S (FA_X1)                   0.09       3.20 f
  IIR/IIR_stage1/add_42/SUM[37] (IIR_R1020054732_CO_THETA536870912_DW01_add_1)
                                                          0.00       3.20 f
  IIR/IIR_stage1/U15/Z (BUF_X2)                           0.10       3.30 f
  IIR/IIR_stage1/o_filtered_sample[31] (IIR_R1020054732_CO_THETA536870912)
                                                          0.00       3.30 f
  IIR/IIR_stage2/i_sample[31] (IIR_R1020054732_CO_THETAn868675383)
                                                          0.00       3.30 f
  IIR/IIR_stage2/add_42/B[31] (IIR_R1020054732_CO_THETAn868675383_DW01_add_1)
                                                          0.00       3.30 f
  IIR/IIR_stage2/add_42/U24/ZN (OAI21_X1)                 0.08       3.38 r
  IIR/IIR_stage2/add_42/U23/ZN (OAI21_X1)                 0.04       3.42 f
  IIR/IIR_stage2/add_42/U22/ZN (OAI21_X1)                 0.04       3.46 r
  IIR/IIR_stage2/add_42/U21/ZN (OAI21_X1)                 0.04       3.50 f
  IIR/IIR_stage2/add_42/U20/ZN (OAI21_X1)                 0.04       3.54 r
  IIR/IIR_stage2/add_42/U3/ZN (INV_X1)                    0.02       3.56 f
  IIR/IIR_stage2/add_42/U19/ZN (AOI21_X1)                 0.05       3.61 r
  IIR/IIR_stage2/add_42/U6/ZN (INV_X1)                    0.03       3.64 f
  IIR/IIR_stage2/add_42/U18/ZN (OAI21_X1)                 0.04       3.68 r
  IIR/IIR_stage2/add_42/U17/ZN (OAI21_X1)                 0.04       3.72 f
  IIR/IIR_stage2/add_42/U16/ZN (OAI21_X1)                 0.04       3.76 r
  IIR/IIR_stage2/add_42/U4/ZN (INV_X1)                    0.02       3.78 f
  IIR/IIR_stage2/add_42/U15/ZN (AOI21_X1)                 0.05       3.83 r
  IIR/IIR_stage2/add_42/U7/ZN (INV_X1)                    0.03       3.86 f
  IIR/IIR_stage2/add_42/U14/ZN (OAI21_X1)                 0.04       3.89 r
  IIR/IIR_stage2/add_42/U13/ZN (OAI21_X1)                 0.04       3.93 f
  IIR/IIR_stage2/add_42/U1_37/S (FA_X1)                   0.21       4.14 r
  IIR/IIR_stage2/add_42/SUM[37] (IIR_R1020054732_CO_THETAn868675383_DW01_add_1)
                                                          0.00       4.14 r
  IIR/IIR_stage2/mult_47/a[31] (IIR_R1020054732_CO_THETAn868675383_DW_mult_tc_2)
                                                          0.00       4.14 r
  IIR/IIR_stage2/mult_47/U427/ZN (INV_X1)                 0.11       4.25 f
  IIR/IIR_stage2/mult_47/U188/S (FA_X1)                   0.15       4.41 r
  IIR/IIR_stage2/mult_47/U184/S (FA_X1)                   0.11       4.51 f
  IIR/IIR_stage2/mult_47/U181/S (FA_X1)                   0.13       4.64 r
  IIR/IIR_stage2/mult_47/U180/S (FA_X1)                   0.11       4.75 f
  IIR/IIR_stage2/mult_47/U30/CO (FA_X1)                   0.09       4.84 f
  IIR/IIR_stage2/mult_47/U29/CO (FA_X1)                   0.08       4.92 f
  IIR/IIR_stage2/mult_47/U28/CO (FA_X1)                   0.08       5.00 f
  IIR/IIR_stage2/mult_47/U27/CO (FA_X1)                   0.08       5.08 f
  IIR/IIR_stage2/mult_47/U26/CO (FA_X1)                   0.08       5.17 f
  IIR/IIR_stage2/mult_47/U25/CO (FA_X1)                   0.08       5.25 f
  IIR/IIR_stage2/mult_47/U24/CO (FA_X1)                   0.08       5.33 f
  IIR/IIR_stage2/mult_47/U23/CO (FA_X1)                   0.08       5.41 f
  IIR/IIR_stage2/mult_47/U22/CO (FA_X1)                   0.08       5.49 f
  IIR/IIR_stage2/mult_47/U21/CO (FA_X1)                   0.08       5.57 f
  IIR/IIR_stage2/mult_47/U20/CO (FA_X1)                   0.08       5.65 f
  IIR/IIR_stage2/mult_47/U19/CO (FA_X1)                   0.08       5.74 f
  IIR/IIR_stage2/mult_47/U18/CO (FA_X1)                   0.08       5.82 f
  IIR/IIR_stage2/mult_47/U17/CO (FA_X1)                   0.08       5.90 f
  IIR/IIR_stage2/mult_47/U16/CO (FA_X1)                   0.08       5.98 f
  IIR/IIR_stage2/mult_47/U15/CO (FA_X1)                   0.08       6.06 f
  IIR/IIR_stage2/mult_47/U14/CO (FA_X1)                   0.08       6.14 f
  IIR/IIR_stage2/mult_47/U13/CO (FA_X1)                   0.08       6.22 f
  IIR/IIR_stage2/mult_47/U12/CO (FA_X1)                   0.08       6.31 f
  IIR/IIR_stage2/mult_47/U11/CO (FA_X1)                   0.08       6.39 f
  IIR/IIR_stage2/mult_47/U10/CO (FA_X1)                   0.08       6.47 f
  IIR/IIR_stage2/mult_47/U9/CO (FA_X1)                    0.08       6.55 f
  IIR/IIR_stage2/mult_47/U8/CO (FA_X1)                    0.08       6.63 f
  IIR/IIR_stage2/mult_47/U7/CO (FA_X1)                    0.08       6.71 f
  IIR/IIR_stage2/mult_47/U6/CO (FA_X1)                    0.08       6.79 f
  IIR/IIR_stage2/mult_47/U5/CO (FA_X1)                    0.08       6.88 f
  IIR/IIR_stage2/mult_47/U4/CO (FA_X1)                    0.08       6.96 f
  IIR/IIR_stage2/mult_47/U3/S (FA_X1)                     0.11       7.07 r
  IIR/IIR_stage2/mult_47/product[59] (IIR_R1020054732_CO_THETAn868675383_DW_mult_tc_2)
                                                          0.00       7.07 r
  IIR/IIR_stage2/sub_58/B[30] (IIR_R1020054732_CO_THETAn868675383_DW01_sub_0)
                                                          0.00       7.07 r
  IIR/IIR_stage2/sub_58/U25/ZN (INV_X1)                   0.02       7.10 f
  IIR/IIR_stage2/sub_58/U2_30/CO (FA_X1)                  0.09       7.19 f
  IIR/IIR_stage2/sub_58/U2_31/CO (FA_X1)                  0.08       7.27 f
  IIR/IIR_stage2/sub_58/U2_32/CO (FA_X1)                  0.08       7.35 f
  IIR/IIR_stage2/sub_58/U2_33/CO (FA_X1)                  0.08       7.43 f
  IIR/IIR_stage2/sub_58/U2_34/S (FA_X1)                   0.11       7.54 r
  IIR/IIR_stage2/sub_58/DIFF[34] (IIR_R1020054732_CO_THETAn868675383_DW01_sub_0)
                                                          0.00       7.54 r
  IIR/IIR_stage2/U18/ZN (NAND2_X1)                        0.03       7.57 f
  IIR/IIR_stage2/U17/ZN (OAI21_X1)                        0.03       7.60 r
  IIR/IIR_stage2/z2_reg[34]/D (DFFR_X1)                   0.01       7.61 r
  data arrival time                                                  7.61

  clock clk_1 (rise edge)                                18.00      18.00
  clock network delay (ideal)                             0.00      18.00
  clock uncertainty                                      -0.35      17.65
  IIR/IIR_stage2/z2_reg[34]/CK (DFFR_X1)                  0.00      17.65 r
  library setup time                                     -0.04      17.61
  data required time                                                17.61
  --------------------------------------------------------------------------
  data required time                                                17.61
  data arrival time                                                 -7.61
  --------------------------------------------------------------------------
  slack (MET)                                                       10.01


  Startpoint: IIR/IIR_stage1/z1_reg[0]
              (rising edge-triggered flip-flop clocked by clk_1)
  Endpoint: IIR/IIR_stage2/z1_reg[35]
            (rising edge-triggered flip-flop clocked by clk_1)
  Path Group: clk_1
  Path Type: max

  Des/Clust/Port     Wire Load Model       Library
  ------------------------------------------------
  FIR_IIR            5K_hvratio_1_1        NangateOpenCellLibrary_ss0p95vn40c

  Point                                                   Incr       Path
  --------------------------------------------------------------------------
  clock clk_1 (rise edge)                                 0.00       0.00
  clock network delay (ideal)                             0.00       0.00
  IIR/IIR_stage1/z1_reg[0]/CK (DFFR_X1)                   0.00       0.00 r
  IIR/IIR_stage1/z1_reg[0]/Q (DFFR_X1)                    0.08       0.08 f
  IIR/IIR_stage1/add_42/A[0] (IIR_R1020054732_CO_THETA536870912_DW01_add_1)
                                                          0.00       0.08 f
  IIR/IIR_stage1/add_42/U4/ZN (AND2_X1)                   0.04       0.12 f
  IIR/IIR_stage1/add_42/U1_1/CO (FA_X1)                   0.08       0.20 f
  IIR/IIR_stage1/add_42/U1_2/CO (FA_X1)                   0.08       0.28 f
  IIR/IIR_stage1/add_42/U1_3/CO (FA_X1)                   0.08       0.37 f
  IIR/IIR_stage1/add_42/U1_4/CO (FA_X1)                   0.08       0.45 f
  IIR/IIR_stage1/add_42/U1_5/CO (FA_X1)                   0.08       0.53 f
  IIR/IIR_stage1/add_42/U1_6/CO (FA_X1)                   0.08       0.61 f
  IIR/IIR_stage1/add_42/U1_7/CO (FA_X1)                   0.08       0.69 f
  IIR/IIR_stage1/add_42/U1_8/CO (FA_X1)                   0.08       0.77 f
  IIR/IIR_stage1/add_42/U1_9/CO (FA_X1)                   0.08       0.85 f
  IIR/IIR_stage1/add_42/U1_10/CO (FA_X1)                  0.08       0.94 f
  IIR/IIR_stage1/add_42/U1_11/CO (FA_X1)                  0.08       1.02 f
  IIR/IIR_stage1/add_42/U1_12/CO (FA_X1)                  0.08       1.10 f
  IIR/IIR_stage1/add_42/U1_13/CO (FA_X1)                  0.08       1.18 f
  IIR/IIR_stage1/add_42/U1_14/CO (FA_X1)                  0.08       1.26 f
  IIR/IIR_stage1/add_42/U1_15/CO (FA_X1)                  0.08       1.34 f
  IIR/IIR_stage1/add_42/U1_16/CO (FA_X1)                  0.08       1.42 f
  IIR/IIR_stage1/add_42/U1_17/CO (FA_X1)                  0.08       1.51 f
  IIR/IIR_stage1/add_42/U1_18/CO (FA_X1)                  0.08       1.59 f
  IIR/IIR_stage1/add_42/U1_19/CO (FA_X1)                  0.08       1.67 f
  IIR/IIR_stage1/add_42/U1_20/CO (FA_X1)                  0.08       1.75 f
  IIR/IIR_stage1/add_42/U1_21/CO (FA_X1)                  0.08       1.83 f
  IIR/IIR_stage1/add_42/U1_22/CO (FA_X1)                  0.08       1.91 f
  IIR/IIR_stage1/add_42/U1_23/CO (FA_X1)                  0.08       1.99 f
  IIR/IIR_stage1/add_42/U1_24/CO (FA_X1)                  0.08       2.08 f
  IIR/IIR_stage1/add_42/U1_25/CO (FA_X1)                  0.08       2.16 f
  IIR/IIR_stage1/add_42/U1_26/CO (FA_X1)                  0.08       2.24 f
  IIR/IIR_stage1/add_42/U1_27/CO (FA_X1)                  0.08       2.32 f
  IIR/IIR_stage1/add_42/U1_28/CO (FA_X1)                  0.08       2.40 f
  IIR/IIR_stage1/add_42/U1_29/CO (FA_X1)                  0.08       2.48 f
  IIR/IIR_stage1/add_42/U1_30/CO (FA_X1)                  0.08       2.56 f
  IIR/IIR_stage1/add_42/U21/ZN (OAI21_X1)                 0.03       2.59 r
  IIR/IIR_stage1/add_42/U3/ZN (INV_X1)                    0.02       2.62 f
  IIR/IIR_stage1/add_42/U20/ZN (AOI21_X1)                 0.05       2.66 r
  IIR/IIR_stage1/add_42/U19/ZN (AND2_X1)                  0.05       2.71 r
  IIR/IIR_stage1/add_42/U18/ZN (OAI22_X1)                 0.03       2.74 f
  IIR/IIR_stage1/add_42/U17/ZN (OR2_X1)                   0.05       2.80 f
  IIR/IIR_stage1/add_42/U16/ZN (AOI22_X1)                 0.05       2.85 r
  IIR/IIR_stage1/add_42/U15/ZN (AND2_X1)                  0.05       2.89 r
  IIR/IIR_stage1/add_42/U14/ZN (OAI22_X1)                 0.03       2.93 f
  IIR/IIR_stage1/add_42/U13/ZN (OR2_X1)                   0.05       2.98 f
  IIR/IIR_stage1/add_42/U12/ZN (AOI22_X1)                 0.05       3.03 r
  IIR/IIR_stage1/add_42/U11/ZN (AND2_X1)                  0.05       3.08 r
  IIR/IIR_stage1/add_42/U10/ZN (OAI22_X1)                 0.03       3.11 f
  IIR/IIR_stage1/add_42/U1_37/S (FA_X1)                   0.09       3.20 f
  IIR/IIR_stage1/add_42/SUM[37] (IIR_R1020054732_CO_THETA536870912_DW01_add_1)
                                                          0.00       3.20 f
  IIR/IIR_stage1/U15/Z (BUF_X2)                           0.10       3.30 f
  IIR/IIR_stage1/o_filtered_sample[31] (IIR_R1020054732_CO_THETA536870912)
                                                          0.00       3.30 f
  IIR/IIR_stage2/i_sample[31] (IIR_R1020054732_CO_THETAn868675383)
                                                          0.00       3.30 f
  IIR/IIR_stage2/add_42/B[31] (IIR_R1020054732_CO_THETAn868675383_DW01_add_1)
                                                          0.00       3.30 f
  IIR/IIR_stage2/add_42/U24/ZN (OAI21_X1)                 0.08       3.38 r
  IIR/IIR_stage2/add_42/U23/ZN (OAI21_X1)                 0.04       3.42 f
  IIR/IIR_stage2/add_42/U22/ZN (OAI21_X1)                 0.04       3.46 r
  IIR/IIR_stage2/add_42/U21/ZN (OAI21_X1)                 0.04       3.50 f
  IIR/IIR_stage2/add_42/U20/ZN (OAI21_X1)                 0.04       3.54 r
  IIR/IIR_stage2/add_42/U3/ZN (INV_X1)                    0.02       3.56 f
  IIR/IIR_stage2/add_42/U19/ZN (AOI21_X1)                 0.05       3.61 r
  IIR/IIR_stage2/add_42/U6/ZN (INV_X1)                    0.03       3.64 f
  IIR/IIR_stage2/add_42/U18/ZN (OAI21_X1)                 0.04       3.68 r
  IIR/IIR_stage2/add_42/U17/ZN (OAI21_X1)                 0.04       3.72 f
  IIR/IIR_stage2/add_42/U16/ZN (OAI21_X1)                 0.04       3.76 r
  IIR/IIR_stage2/add_42/U4/ZN (INV_X1)                    0.02       3.78 f
  IIR/IIR_stage2/add_42/U15/ZN (AOI21_X1)                 0.05       3.83 r
  IIR/IIR_stage2/add_42/U7/ZN (INV_X1)                    0.03       3.86 f
  IIR/IIR_stage2/add_42/U14/ZN (OAI21_X1)                 0.04       3.89 r
  IIR/IIR_stage2/add_42/U13/ZN (OAI21_X1)                 0.04       3.93 f
  IIR/IIR_stage2/add_42/U1_37/S (FA_X1)                   0.21       4.14 r
  IIR/IIR_stage2/add_42/SUM[37] (IIR_R1020054732_CO_THETAn868675383_DW01_add_1)
                                                          0.00       4.14 r
  IIR/IIR_stage2/mult_44/a[31] (IIR_R1020054732_CO_THETAn868675383_DW_mult_tc_1)
                                                          0.00       4.14 r
  IIR/IIR_stage2/mult_44/U183/S (FA_X1)                   0.17       4.32 f
  IIR/IIR_stage2/mult_44/U179/CO (FA_X1)                  0.10       4.41 f
  IIR/IIR_stage2/mult_44/U171/S (FA_X1)                   0.13       4.54 r
  IIR/IIR_stage2/mult_44/U170/S (FA_X1)                   0.11       4.65 f
  IIR/IIR_stage2/mult_44/U30/CO (FA_X1)                   0.09       4.74 f
  IIR/IIR_stage2/mult_44/U29/CO (FA_X1)                   0.08       4.82 f
  IIR/IIR_stage2/mult_44/U28/CO (FA_X1)                   0.08       4.90 f
  IIR/IIR_stage2/mult_44/U27/CO (FA_X1)                   0.08       4.98 f
  IIR/IIR_stage2/mult_44/U26/CO (FA_X1)                   0.08       5.06 f
  IIR/IIR_stage2/mult_44/U25/CO (FA_X1)                   0.08       5.14 f
  IIR/IIR_stage2/mult_44/U24/CO (FA_X1)                   0.08       5.23 f
  IIR/IIR_stage2/mult_44/U23/CO (FA_X1)                   0.08       5.31 f
  IIR/IIR_stage2/mult_44/U22/CO (FA_X1)                   0.08       5.39 f
  IIR/IIR_stage2/mult_44/U21/CO (FA_X1)                   0.08       5.47 f
  IIR/IIR_stage2/mult_44/U20/CO (FA_X1)                   0.08       5.55 f
  IIR/IIR_stage2/mult_44/U19/CO (FA_X1)                   0.08       5.63 f
  IIR/IIR_stage2/mult_44/U18/CO (FA_X1)                   0.08       5.71 f
  IIR/IIR_stage2/mult_44/U17/CO (FA_X1)                   0.08       5.80 f
  IIR/IIR_stage2/mult_44/U16/CO (FA_X1)                   0.08       5.88 f
  IIR/IIR_stage2/mult_44/U15/CO (FA_X1)                   0.08       5.96 f
  IIR/IIR_stage2/mult_44/U14/CO (FA_X1)                   0.08       6.04 f
  IIR/IIR_stage2/mult_44/U13/CO (FA_X1)                   0.08       6.12 f
  IIR/IIR_stage2/mult_44/U12/CO (FA_X1)                   0.08       6.20 f
  IIR/IIR_stage2/mult_44/U11/CO (FA_X1)                   0.08       6.28 f
  IIR/IIR_stage2/mult_44/U10/CO (FA_X1)                   0.08       6.37 f
  IIR/IIR_stage2/mult_44/U9/CO (FA_X1)                    0.08       6.45 f
  IIR/IIR_stage2/mult_44/U8/CO (FA_X1)                    0.08       6.53 f
  IIR/IIR_stage2/mult_44/U7/CO (FA_X1)                    0.08       6.61 f
  IIR/IIR_stage2/mult_44/U6/CO (FA_X1)                    0.08       6.69 f
  IIR/IIR_stage2/mult_44/U5/CO (FA_X1)                    0.08       6.77 f
  IIR/IIR_stage2/mult_44/U4/CO (FA_X1)                    0.08       6.86 f
  IIR/IIR_stage2/mult_44/U3/CO (FA_X1)                    0.08       6.94 f
  IIR/IIR_stage2/mult_44/U2/S (FA_X1)                     0.12       7.06 r
  IIR/IIR_stage2/mult_44/product[61] (IIR_R1020054732_CO_THETAn868675383_DW_mult_tc_1)
                                                          0.00       7.06 r
  IIR/IIR_stage2/sub_46/A[31] (IIR_R1020054732_CO_THETAn868675383_DW01_sub_1)
                                                          0.00       7.06 r
  IIR/IIR_stage2/sub_46/U2_31/S (FA_X1)                   0.11       7.17 f
  IIR/IIR_stage2/sub_46/DIFF[31] (IIR_R1020054732_CO_THETAn868675383_DW01_sub_1)
                                                          0.00       7.17 f
  IIR/IIR_stage2/add_57/A[32] (IIR_R1020054732_CO_THETAn868675383_DW01_add_0)
                                                          0.00       7.17 f
  IIR/IIR_stage2/add_57/U1_32/CO (FA_X1)                  0.09       7.26 f
  IIR/IIR_stage2/add_57/U1_33/CO (FA_X1)                  0.08       7.34 f
  IIR/IIR_stage2/add_57/U1_34/CO (FA_X1)                  0.08       7.42 f
  IIR/IIR_stage2/add_57/U1_35/S (FA_X1)                   0.11       7.54 r
  IIR/IIR_stage2/add_57/SUM[35] (IIR_R1020054732_CO_THETAn868675383_DW01_add_0)
                                                          0.00       7.54 r
  IIR/IIR_stage2/U22/ZN (NAND2_X1)                        0.03       7.56 f
  IIR/IIR_stage2/U21/ZN (OAI21_X1)                        0.03       7.59 r
  IIR/IIR_stage2/z1_reg[35]/D (DFFR_X1)                   0.01       7.60 r
  data arrival time                                                  7.60

  clock clk_1 (rise edge)                                18.00      18.00
  clock network delay (ideal)                             0.00      18.00
  clock uncertainty                                      -0.35      17.65
  IIR/IIR_stage2/z1_reg[35]/CK (DFFR_X1)                  0.00      17.65 r
  library setup time                                     -0.04      17.61
  data required time                                                17.61
  --------------------------------------------------------------------------
  data required time                                                17.61
  data arrival time                                                 -7.60
  --------------------------------------------------------------------------
  slack (MET)                                                       10.01


  Startpoint: IIR/IIR_stage1/z1_reg[0]
              (rising edge-triggered flip-flop clocked by clk_1)
  Endpoint: IIR/IIR_stage2/z2_reg[33]
            (rising edge-triggered flip-flop clocked by clk_1)
  Path Group: clk_1
  Path Type: max

  Des/Clust/Port     Wire Load Model       Library
  ------------------------------------------------
  FIR_IIR            5K_hvratio_1_1        NangateOpenCellLibrary_ss0p95vn40c

  Point                                                   Incr       Path
  --------------------------------------------------------------------------
  clock clk_1 (rise edge)                                 0.00       0.00
  clock network delay (ideal)                             0.00       0.00
  IIR/IIR_stage1/z1_reg[0]/CK (DFFR_X1)                   0.00       0.00 r
  IIR/IIR_stage1/z1_reg[0]/Q (DFFR_X1)                    0.08       0.08 f
  IIR/IIR_stage1/add_42/A[0] (IIR_R1020054732_CO_THETA536870912_DW01_add_1)
                                                          0.00       0.08 f
  IIR/IIR_stage1/add_42/U4/ZN (AND2_X1)                   0.04       0.12 f
  IIR/IIR_stage1/add_42/U1_1/CO (FA_X1)                   0.08       0.20 f
  IIR/IIR_stage1/add_42/U1_2/CO (FA_X1)                   0.08       0.28 f
  IIR/IIR_stage1/add_42/U1_3/CO (FA_X1)                   0.08       0.37 f
  IIR/IIR_stage1/add_42/U1_4/CO (FA_X1)                   0.08       0.45 f
  IIR/IIR_stage1/add_42/U1_5/CO (FA_X1)                   0.08       0.53 f
  IIR/IIR_stage1/add_42/U1_6/CO (FA_X1)                   0.08       0.61 f
  IIR/IIR_stage1/add_42/U1_7/CO (FA_X1)                   0.08       0.69 f
  IIR/IIR_stage1/add_42/U1_8/CO (FA_X1)                   0.08       0.77 f
  IIR/IIR_stage1/add_42/U1_9/CO (FA_X1)                   0.08       0.85 f
  IIR/IIR_stage1/add_42/U1_10/CO (FA_X1)                  0.08       0.94 f
  IIR/IIR_stage1/add_42/U1_11/CO (FA_X1)                  0.08       1.02 f
  IIR/IIR_stage1/add_42/U1_12/CO (FA_X1)                  0.08       1.10 f
  IIR/IIR_stage1/add_42/U1_13/CO (FA_X1)                  0.08       1.18 f
  IIR/IIR_stage1/add_42/U1_14/CO (FA_X1)                  0.08       1.26 f
  IIR/IIR_stage1/add_42/U1_15/CO (FA_X1)                  0.08       1.34 f
  IIR/IIR_stage1/add_42/U1_16/CO (FA_X1)                  0.08       1.42 f
  IIR/IIR_stage1/add_42/U1_17/CO (FA_X1)                  0.08       1.51 f
  IIR/IIR_stage1/add_42/U1_18/CO (FA_X1)                  0.08       1.59 f
  IIR/IIR_stage1/add_42/U1_19/CO (FA_X1)                  0.08       1.67 f
  IIR/IIR_stage1/add_42/U1_20/CO (FA_X1)                  0.08       1.75 f
  IIR/IIR_stage1/add_42/U1_21/CO (FA_X1)                  0.08       1.83 f
  IIR/IIR_stage1/add_42/U1_22/CO (FA_X1)                  0.08       1.91 f
  IIR/IIR_stage1/add_42/U1_23/CO (FA_X1)                  0.08       1.99 f
  IIR/IIR_stage1/add_42/U1_24/CO (FA_X1)                  0.08       2.08 f
  IIR/IIR_stage1/add_42/U1_25/CO (FA_X1)                  0.08       2.16 f
  IIR/IIR_stage1/add_42/U1_26/CO (FA_X1)                  0.08       2.24 f
  IIR/IIR_stage1/add_42/U1_27/CO (FA_X1)                  0.08       2.32 f
  IIR/IIR_stage1/add_42/U1_28/CO (FA_X1)                  0.08       2.40 f
  IIR/IIR_stage1/add_42/U1_29/CO (FA_X1)                  0.08       2.48 f
  IIR/IIR_stage1/add_42/U1_30/CO (FA_X1)                  0.08       2.56 f
  IIR/IIR_stage1/add_42/U21/ZN (OAI21_X1)                 0.03       2.59 r
  IIR/IIR_stage1/add_42/U3/ZN (INV_X1)                    0.02       2.62 f
  IIR/IIR_stage1/add_42/U20/ZN (AOI21_X1)                 0.05       2.66 r
  IIR/IIR_stage1/add_42/U19/ZN (AND2_X1)                  0.05       2.71 r
  IIR/IIR_stage1/add_42/U18/ZN (OAI22_X1)                 0.03       2.74 f
  IIR/IIR_stage1/add_42/U17/ZN (OR2_X1)                   0.05       2.80 f
  IIR/IIR_stage1/add_42/U16/ZN (AOI22_X1)                 0.05       2.85 r
  IIR/IIR_stage1/add_42/U15/ZN (AND2_X1)                  0.05       2.89 r
  IIR/IIR_stage1/add_42/U14/ZN (OAI22_X1)                 0.03       2.93 f
  IIR/IIR_stage1/add_42/U13/ZN (OR2_X1)                   0.05       2.98 f
  IIR/IIR_stage1/add_42/U12/ZN (AOI22_X1)                 0.05       3.03 r
  IIR/IIR_stage1/add_42/U11/ZN (AND2_X1)                  0.05       3.08 r
  IIR/IIR_stage1/add_42/U10/ZN (OAI22_X1)                 0.03       3.11 f
  IIR/IIR_stage1/add_42/U1_37/S (FA_X1)                   0.09       3.20 f
  IIR/IIR_stage1/add_42/SUM[37] (IIR_R1020054732_CO_THETA536870912_DW01_add_1)
                                                          0.00       3.20 f
  IIR/IIR_stage1/U15/Z (BUF_X2)                           0.10       3.30 f
  IIR/IIR_stage1/o_filtered_sample[31] (IIR_R1020054732_CO_THETA536870912)
                                                          0.00       3.30 f
  IIR/IIR_stage2/i_sample[31] (IIR_R1020054732_CO_THETAn868675383)
                                                          0.00       3.30 f
  IIR/IIR_stage2/add_42/B[31] (IIR_R1020054732_CO_THETAn868675383_DW01_add_1)
                                                          0.00       3.30 f
  IIR/IIR_stage2/add_42/U24/ZN (OAI21_X1)                 0.08       3.38 r
  IIR/IIR_stage2/add_42/U23/ZN (OAI21_X1)                 0.04       3.42 f
  IIR/IIR_stage2/add_42/U22/ZN (OAI21_X1)                 0.04       3.46 r
  IIR/IIR_stage2/add_42/U21/ZN (OAI21_X1)                 0.04       3.50 f
  IIR/IIR_stage2/add_42/U20/ZN (OAI21_X1)                 0.04       3.54 r
  IIR/IIR_stage2/add_42/U3/ZN (INV_X1)                    0.02       3.56 f
  IIR/IIR_stage2/add_42/U19/ZN (AOI21_X1)                 0.05       3.61 r
  IIR/IIR_stage2/add_42/U6/ZN (INV_X1)                    0.03       3.64 f
  IIR/IIR_stage2/add_42/U18/ZN (OAI21_X1)                 0.04       3.68 r
  IIR/IIR_stage2/add_42/U17/ZN (OAI21_X1)                 0.04       3.72 f
  IIR/IIR_stage2/add_42/U16/ZN (OAI21_X1)                 0.04       3.76 r
  IIR/IIR_stage2/add_42/U4/ZN (INV_X1)                    0.02       3.78 f
  IIR/IIR_stage2/add_42/U15/ZN (AOI21_X1)                 0.05       3.83 r
  IIR/IIR_stage2/add_42/U7/ZN (INV_X1)                    0.03       3.86 f
  IIR/IIR_stage2/add_42/U14/ZN (OAI21_X1)                 0.04       3.89 r
  IIR/IIR_stage2/add_42/U13/ZN (OAI21_X1)                 0.04       3.93 f
  IIR/IIR_stage2/add_42/U1_37/S (FA_X1)                   0.21       4.14 r
  IIR/IIR_stage2/add_42/SUM[37] (IIR_R1020054732_CO_THETAn868675383_DW01_add_1)
                                                          0.00       4.14 r
  IIR/IIR_stage2/mult_47/a[31] (IIR_R1020054732_CO_THETAn868675383_DW_mult_tc_2)
                                                          0.00       4.14 r
  IIR/IIR_stage2/mult_47/U427/ZN (INV_X1)                 0.11       4.25 f
  IIR/IIR_stage2/mult_47/U188/S (FA_X1)                   0.15       4.41 r
  IIR/IIR_stage2/mult_47/U184/S (FA_X1)                   0.11       4.51 f
  IIR/IIR_stage2/mult_47/U181/S (FA_X1)                   0.13       4.64 r
  IIR/IIR_stage2/mult_47/U180/S (FA_X1)                   0.11       4.75 f
  IIR/IIR_stage2/mult_47/U30/CO (FA_X1)                   0.09       4.84 f
  IIR/IIR_stage2/mult_47/U29/CO (FA_X1)                   0.08       4.92 f
  IIR/IIR_stage2/mult_47/U28/CO (FA_X1)                   0.08       5.00 f
  IIR/IIR_stage2/mult_47/U27/CO (FA_X1)                   0.08       5.08 f
  IIR/IIR_stage2/mult_47/U26/CO (FA_X1)                   0.08       5.17 f
  IIR/IIR_stage2/mult_47/U25/CO (FA_X1)                   0.08       5.25 f
  IIR/IIR_stage2/mult_47/U24/CO (FA_X1)                   0.08       5.33 f
  IIR/IIR_stage2/mult_47/U23/CO (FA_X1)                   0.08       5.41 f
  IIR/IIR_stage2/mult_47/U22/CO (FA_X1)                   0.08       5.49 f
  IIR/IIR_stage2/mult_47/U21/CO (FA_X1)                   0.08       5.57 f
  IIR/IIR_stage2/mult_47/U20/CO (FA_X1)                   0.08       5.65 f
  IIR/IIR_stage2/mult_47/U19/CO (FA_X1)                   0.08       5.74 f
  IIR/IIR_stage2/mult_47/U18/CO (FA_X1)                   0.08       5.82 f
  IIR/IIR_stage2/mult_47/U17/CO (FA_X1)                   0.08       5.90 f
  IIR/IIR_stage2/mult_47/U16/CO (FA_X1)                   0.08       5.98 f
  IIR/IIR_stage2/mult_47/U15/CO (FA_X1)                   0.08       6.06 f
  IIR/IIR_stage2/mult_47/U14/CO (FA_X1)                   0.08       6.14 f
  IIR/IIR_stage2/mult_47/U13/CO (FA_X1)                   0.08       6.22 f
  IIR/IIR_stage2/mult_47/U12/CO (FA_X1)                   0.08       6.31 f
  IIR/IIR_stage2/mult_47/U11/CO (FA_X1)                   0.08       6.39 f
  IIR/IIR_stage2/mult_47/U10/CO (FA_X1)                   0.08       6.47 f
  IIR/IIR_stage2/mult_47/U9/CO (FA_X1)                    0.08       6.55 f
  IIR/IIR_stage2/mult_47/U8/CO (FA_X1)                    0.08       6.63 f
  IIR/IIR_stage2/mult_47/U7/CO (FA_X1)                    0.08       6.71 f
  IIR/IIR_stage2/mult_47/U6/CO (FA_X1)                    0.08       6.79 f
  IIR/IIR_stage2/mult_47/U5/CO (FA_X1)                    0.08       6.88 f
  IIR/IIR_stage2/mult_47/U4/CO (FA_X1)                    0.08       6.96 f
  IIR/IIR_stage2/mult_47/U3/S (FA_X1)                     0.11       7.07 r
  IIR/IIR_stage2/mult_47/product[59] (IIR_R1020054732_CO_THETAn868675383_DW_mult_tc_2)
                                                          0.00       7.07 r
  IIR/IIR_stage2/sub_58/B[30] (IIR_R1020054732_CO_THETAn868675383_DW01_sub_0)
                                                          0.00       7.07 r
  IIR/IIR_stage2/sub_58/U25/ZN (INV_X1)                   0.02       7.10 f
  IIR/IIR_stage2/sub_58/U2_30/CO (FA_X1)                  0.09       7.19 f
  IIR/IIR_stage2/sub_58/U2_31/CO (FA_X1)                  0.08       7.27 f
  IIR/IIR_stage2/sub_58/U2_32/CO (FA_X1)                  0.08       7.35 f
  IIR/IIR_stage2/sub_58/U2_33/S (FA_X1)                   0.11       7.46 r
  IIR/IIR_stage2/sub_58/DIFF[33] (IIR_R1020054732_CO_THETAn868675383_DW01_sub_0)
                                                          0.00       7.46 r
  IIR/IIR_stage2/U16/ZN (NAND2_X1)                        0.03       7.49 f
  IIR/IIR_stage2/U15/ZN (OAI21_X1)                        0.03       7.52 r
  IIR/IIR_stage2/z2_reg[33]/D (DFFR_X1)                   0.01       7.53 r
  data arrival time                                                  7.53

  clock clk_1 (rise edge)                                18.00      18.00
  clock network delay (ideal)                             0.00      18.00
  clock uncertainty                                      -0.35      17.65
  IIR/IIR_stage2/z2_reg[33]/CK (DFFR_X1)                  0.00      17.65 r
  library setup time                                     -0.04      17.61
  data required time                                                17.61
  --------------------------------------------------------------------------
  data required time                                                17.61
  data arrival time                                                 -7.53
  --------------------------------------------------------------------------
  slack (MET)                                                       10.09


  Startpoint: IIR/IIR_stage1/z1_reg[0]
              (rising edge-triggered flip-flop clocked by clk_1)
  Endpoint: IIR/IIR_stage2/z1_reg[34]
            (rising edge-triggered flip-flop clocked by clk_1)
  Path Group: clk_1
  Path Type: max

  Des/Clust/Port     Wire Load Model       Library
  ------------------------------------------------
  FIR_IIR            5K_hvratio_1_1        NangateOpenCellLibrary_ss0p95vn40c

  Point                                                   Incr       Path
  --------------------------------------------------------------------------
  clock clk_1 (rise edge)                                 0.00       0.00
  clock network delay (ideal)                             0.00       0.00
  IIR/IIR_stage1/z1_reg[0]/CK (DFFR_X1)                   0.00       0.00 r
  IIR/IIR_stage1/z1_reg[0]/Q (DFFR_X1)                    0.08       0.08 f
  IIR/IIR_stage1/add_42/A[0] (IIR_R1020054732_CO_THETA536870912_DW01_add_1)
                                                          0.00       0.08 f
  IIR/IIR_stage1/add_42/U4/ZN (AND2_X1)                   0.04       0.12 f
  IIR/IIR_stage1/add_42/U1_1/CO (FA_X1)                   0.08       0.20 f
  IIR/IIR_stage1/add_42/U1_2/CO (FA_X1)                   0.08       0.28 f
  IIR/IIR_stage1/add_42/U1_3/CO (FA_X1)                   0.08       0.37 f
  IIR/IIR_stage1/add_42/U1_4/CO (FA_X1)                   0.08       0.45 f
  IIR/IIR_stage1/add_42/U1_5/CO (FA_X1)                   0.08       0.53 f
  IIR/IIR_stage1/add_42/U1_6/CO (FA_X1)                   0.08       0.61 f
  IIR/IIR_stage1/add_42/U1_7/CO (FA_X1)                   0.08       0.69 f
  IIR/IIR_stage1/add_42/U1_8/CO (FA_X1)                   0.08       0.77 f
  IIR/IIR_stage1/add_42/U1_9/CO (FA_X1)                   0.08       0.85 f
  IIR/IIR_stage1/add_42/U1_10/CO (FA_X1)                  0.08       0.94 f
  IIR/IIR_stage1/add_42/U1_11/CO (FA_X1)                  0.08       1.02 f
  IIR/IIR_stage1/add_42/U1_12/CO (FA_X1)                  0.08       1.10 f
  IIR/IIR_stage1/add_42/U1_13/CO (FA_X1)                  0.08       1.18 f
  IIR/IIR_stage1/add_42/U1_14/CO (FA_X1)                  0.08       1.26 f
  IIR/IIR_stage1/add_42/U1_15/CO (FA_X1)                  0.08       1.34 f
  IIR/IIR_stage1/add_42/U1_16/CO (FA_X1)                  0.08       1.42 f
  IIR/IIR_stage1/add_42/U1_17/CO (FA_X1)                  0.08       1.51 f
  IIR/IIR_stage1/add_42/U1_18/CO (FA_X1)                  0.08       1.59 f
  IIR/IIR_stage1/add_42/U1_19/CO (FA_X1)                  0.08       1.67 f
  IIR/IIR_stage1/add_42/U1_20/CO (FA_X1)                  0.08       1.75 f
  IIR/IIR_stage1/add_42/U1_21/CO (FA_X1)                  0.08       1.83 f
  IIR/IIR_stage1/add_42/U1_22/CO (FA_X1)                  0.08       1.91 f
  IIR/IIR_stage1/add_42/U1_23/CO (FA_X1)                  0.08       1.99 f
  IIR/IIR_stage1/add_42/U1_24/CO (FA_X1)                  0.08       2.08 f
  IIR/IIR_stage1/add_42/U1_25/CO (FA_X1)                  0.08       2.16 f
  IIR/IIR_stage1/add_42/U1_26/CO (FA_X1)                  0.08       2.24 f
  IIR/IIR_stage1/add_42/U1_27/CO (FA_X1)                  0.08       2.32 f
  IIR/IIR_stage1/add_42/U1_28/CO (FA_X1)                  0.08       2.40 f
  IIR/IIR_stage1/add_42/U1_29/CO (FA_X1)                  0.08       2.48 f
  IIR/IIR_stage1/add_42/U1_30/CO (FA_X1)                  0.08       2.56 f
  IIR/IIR_stage1/add_42/U21/ZN (OAI21_X1)                 0.03       2.59 r
  IIR/IIR_stage1/add_42/U3/ZN (INV_X1)                    0.02       2.62 f
  IIR/IIR_stage1/add_42/U20/ZN (AOI21_X1)                 0.05       2.66 r
  IIR/IIR_stage1/add_42/U19/ZN (AND2_X1)                  0.05       2.71 r
  IIR/IIR_stage1/add_42/U18/ZN (OAI22_X1)                 0.03       2.74 f
  IIR/IIR_stage1/add_42/U17/ZN (OR2_X1)                   0.05       2.80 f
  IIR/IIR_stage1/add_42/U16/ZN (AOI22_X1)                 0.05       2.85 r
  IIR/IIR_stage1/add_42/U15/ZN (AND2_X1)                  0.05       2.89 r
  IIR/IIR_stage1/add_42/U14/ZN (OAI22_X1)                 0.03       2.93 f
  IIR/IIR_stage1/add_42/U13/ZN (OR2_X1)                   0.05       2.98 f
  IIR/IIR_stage1/add_42/U12/ZN (AOI22_X1)                 0.05       3.03 r
  IIR/IIR_stage1/add_42/U11/ZN (AND2_X1)                  0.05       3.08 r
  IIR/IIR_stage1/add_42/U10/ZN (OAI22_X1)                 0.03       3.11 f
  IIR/IIR_stage1/add_42/U1_37/S (FA_X1)                   0.09       3.20 f
  IIR/IIR_stage1/add_42/SUM[37] (IIR_R1020054732_CO_THETA536870912_DW01_add_1)
                                                          0.00       3.20 f
  IIR/IIR_stage1/U15/Z (BUF_X2)                           0.10       3.30 f
  IIR/IIR_stage1/o_filtered_sample[31] (IIR_R1020054732_CO_THETA536870912)
                                                          0.00       3.30 f
  IIR/IIR_stage2/i_sample[31] (IIR_R1020054732_CO_THETAn868675383)
                                                          0.00       3.30 f
  IIR/IIR_stage2/add_42/B[31] (IIR_R1020054732_CO_THETAn868675383_DW01_add_1)
                                                          0.00       3.30 f
  IIR/IIR_stage2/add_42/U24/ZN (OAI21_X1)                 0.08       3.38 r
  IIR/IIR_stage2/add_42/U23/ZN (OAI21_X1)                 0.04       3.42 f
  IIR/IIR_stage2/add_42/U22/ZN (OAI21_X1)                 0.04       3.46 r
  IIR/IIR_stage2/add_42/U21/ZN (OAI21_X1)                 0.04       3.50 f
  IIR/IIR_stage2/add_42/U20/ZN (OAI21_X1)                 0.04       3.54 r
  IIR/IIR_stage2/add_42/U3/ZN (INV_X1)                    0.02       3.56 f
  IIR/IIR_stage2/add_42/U19/ZN (AOI21_X1)                 0.05       3.61 r
  IIR/IIR_stage2/add_42/U6/ZN (INV_X1)                    0.03       3.64 f
  IIR/IIR_stage2/add_42/U18/ZN (OAI21_X1)                 0.04       3.68 r
  IIR/IIR_stage2/add_42/U17/ZN (OAI21_X1)                 0.04       3.72 f
  IIR/IIR_stage2/add_42/U16/ZN (OAI21_X1)                 0.04       3.76 r
  IIR/IIR_stage2/add_42/U4/ZN (INV_X1)                    0.02       3.78 f
  IIR/IIR_stage2/add_42/U15/ZN (AOI21_X1)                 0.05       3.83 r
  IIR/IIR_stage2/add_42/U7/ZN (INV_X1)                    0.03       3.86 f
  IIR/IIR_stage2/add_42/U14/ZN (OAI21_X1)                 0.04       3.89 r
  IIR/IIR_stage2/add_42/U13/ZN (OAI21_X1)                 0.04       3.93 f
  IIR/IIR_stage2/add_42/U1_37/S (FA_X1)                   0.21       4.14 r
  IIR/IIR_stage2/add_42/SUM[37] (IIR_R1020054732_CO_THETAn868675383_DW01_add_1)
                                                          0.00       4.14 r
  IIR/IIR_stage2/mult_44/a[31] (IIR_R1020054732_CO_THETAn868675383_DW_mult_tc_1)
                                                          0.00       4.14 r
  IIR/IIR_stage2/mult_44/U183/S (FA_X1)                   0.17       4.32 f
  IIR/IIR_stage2/mult_44/U179/CO (FA_X1)                  0.10       4.41 f
  IIR/IIR_stage2/mult_44/U171/S (FA_X1)                   0.13       4.54 r
  IIR/IIR_stage2/mult_44/U170/S (FA_X1)                   0.11       4.65 f
  IIR/IIR_stage2/mult_44/U30/CO (FA_X1)                   0.09       4.74 f
  IIR/IIR_stage2/mult_44/U29/CO (FA_X1)                   0.08       4.82 f
  IIR/IIR_stage2/mult_44/U28/CO (FA_X1)                   0.08       4.90 f
  IIR/IIR_stage2/mult_44/U27/CO (FA_X1)                   0.08       4.98 f
  IIR/IIR_stage2/mult_44/U26/CO (FA_X1)                   0.08       5.06 f
  IIR/IIR_stage2/mult_44/U25/CO (FA_X1)                   0.08       5.14 f
  IIR/IIR_stage2/mult_44/U24/CO (FA_X1)                   0.08       5.23 f
  IIR/IIR_stage2/mult_44/U23/CO (FA_X1)                   0.08       5.31 f
  IIR/IIR_stage2/mult_44/U22/CO (FA_X1)                   0.08       5.39 f
  IIR/IIR_stage2/mult_44/U21/CO (FA_X1)                   0.08       5.47 f
  IIR/IIR_stage2/mult_44/U20/CO (FA_X1)                   0.08       5.55 f
  IIR/IIR_stage2/mult_44/U19/CO (FA_X1)                   0.08       5.63 f
  IIR/IIR_stage2/mult_44/U18/CO (FA_X1)                   0.08       5.71 f
  IIR/IIR_stage2/mult_44/U17/CO (FA_X1)                   0.08       5.80 f
  IIR/IIR_stage2/mult_44/U16/CO (FA_X1)                   0.08       5.88 f
  IIR/IIR_stage2/mult_44/U15/CO (FA_X1)                   0.08       5.96 f
  IIR/IIR_stage2/mult_44/U14/CO (FA_X1)                   0.08       6.04 f
  IIR/IIR_stage2/mult_44/U13/CO (FA_X1)                   0.08       6.12 f
  IIR/IIR_stage2/mult_44/U12/CO (FA_X1)                   0.08       6.20 f
  IIR/IIR_stage2/mult_44/U11/CO (FA_X1)                   0.08       6.28 f
  IIR/IIR_stage2/mult_44/U10/CO (FA_X1)                   0.08       6.37 f
  IIR/IIR_stage2/mult_44/U9/CO (FA_X1)                    0.08       6.45 f
  IIR/IIR_stage2/mult_44/U8/CO (FA_X1)                    0.08       6.53 f
  IIR/IIR_stage2/mult_44/U7/CO (FA_X1)                    0.08       6.61 f
  IIR/IIR_stage2/mult_44/U6/CO (FA_X1)                    0.08       6.69 f
  IIR/IIR_stage2/mult_44/U5/CO (FA_X1)                    0.08       6.77 f
  IIR/IIR_stage2/mult_44/U4/CO (FA_X1)                    0.08       6.86 f
  IIR/IIR_stage2/mult_44/U3/CO (FA_X1)                    0.08       6.94 f
  IIR/IIR_stage2/mult_44/U2/S (FA_X1)                     0.12       7.06 r
  IIR/IIR_stage2/mult_44/product[61] (IIR_R1020054732_CO_THETAn868675383_DW_mult_tc_1)
                                                          0.00       7.06 r
  IIR/IIR_stage2/sub_46/A[31] (IIR_R1020054732_CO_THETAn868675383_DW01_sub_1)
                                                          0.00       7.06 r
  IIR/IIR_stage2/sub_46/U2_31/S (FA_X1)                   0.11       7.17 f
  IIR/IIR_stage2/sub_46/DIFF[31] (IIR_R1020054732_CO_THETAn868675383_DW01_sub_1)
                                                          0.00       7.17 f
  IIR/IIR_stage2/add_57/A[32] (IIR_R1020054732_CO_THETAn868675383_DW01_add_0)
                                                          0.00       7.17 f
  IIR/IIR_stage2/add_57/U1_32/CO (FA_X1)                  0.09       7.26 f
  IIR/IIR_stage2/add_57/U1_33/CO (FA_X1)                  0.08       7.34 f
  IIR/IIR_stage2/add_57/U1_34/S (FA_X1)                   0.11       7.45 r
  IIR/IIR_stage2/add_57/SUM[34] (IIR_R1020054732_CO_THETAn868675383_DW01_add_0)
                                                          0.00       7.45 r
  IIR/IIR_stage2/U20/ZN (NAND2_X1)                        0.03       7.48 f
  IIR/IIR_stage2/U19/ZN (OAI21_X1)                        0.03       7.51 r
  IIR/IIR_stage2/z1_reg[34]/D (DFFR_X1)                   0.01       7.52 r
  data arrival time                                                  7.52

  clock clk_1 (rise edge)                                18.00      18.00
  clock network delay (ideal)                             0.00      18.00
  clock uncertainty                                      -0.35      17.65
  IIR/IIR_stage2/z1_reg[34]/CK (DFFR_X1)                  0.00      17.65 r
  library setup time                                     -0.04      17.61
  data required time                                                17.61
  --------------------------------------------------------------------------
  data required time                                                17.61
  data arrival time                                                 -7.52
  --------------------------------------------------------------------------
  slack (MET)                                                       10.10


  Startpoint: IIR/IIR_stage1/z1_reg[0]
              (rising edge-triggered flip-flop clocked by clk_1)
  Endpoint: IIR/IIR_stage2/z2_reg[32]
            (rising edge-triggered flip-flop clocked by clk_1)
  Path Group: clk_1
  Path Type: max

  Des/Clust/Port     Wire Load Model       Library
  ------------------------------------------------
  FIR_IIR            5K_hvratio_1_1        NangateOpenCellLibrary_ss0p95vn40c

  Point                                                   Incr       Path
  --------------------------------------------------------------------------
  clock clk_1 (rise edge)                                 0.00       0.00
  clock network delay (ideal)                             0.00       0.00
  IIR/IIR_stage1/z1_reg[0]/CK (DFFR_X1)                   0.00       0.00 r
  IIR/IIR_stage1/z1_reg[0]/Q (DFFR_X1)                    0.08       0.08 f
  IIR/IIR_stage1/add_42/A[0] (IIR_R1020054732_CO_THETA536870912_DW01_add_1)
                                                          0.00       0.08 f
  IIR/IIR_stage1/add_42/U4/ZN (AND2_X1)                   0.04       0.12 f
  IIR/IIR_stage1/add_42/U1_1/CO (FA_X1)                   0.08       0.20 f
  IIR/IIR_stage1/add_42/U1_2/CO (FA_X1)                   0.08       0.28 f
  IIR/IIR_stage1/add_42/U1_3/CO (FA_X1)                   0.08       0.37 f
  IIR/IIR_stage1/add_42/U1_4/CO (FA_X1)                   0.08       0.45 f
  IIR/IIR_stage1/add_42/U1_5/CO (FA_X1)                   0.08       0.53 f
  IIR/IIR_stage1/add_42/U1_6/CO (FA_X1)                   0.08       0.61 f
  IIR/IIR_stage1/add_42/U1_7/CO (FA_X1)                   0.08       0.69 f
  IIR/IIR_stage1/add_42/U1_8/CO (FA_X1)                   0.08       0.77 f
  IIR/IIR_stage1/add_42/U1_9/CO (FA_X1)                   0.08       0.85 f
  IIR/IIR_stage1/add_42/U1_10/CO (FA_X1)                  0.08       0.94 f
  IIR/IIR_stage1/add_42/U1_11/CO (FA_X1)                  0.08       1.02 f
  IIR/IIR_stage1/add_42/U1_12/CO (FA_X1)                  0.08       1.10 f
  IIR/IIR_stage1/add_42/U1_13/CO (FA_X1)                  0.08       1.18 f
  IIR/IIR_stage1/add_42/U1_14/CO (FA_X1)                  0.08       1.26 f
  IIR/IIR_stage1/add_42/U1_15/CO (FA_X1)                  0.08       1.34 f
  IIR/IIR_stage1/add_42/U1_16/CO (FA_X1)                  0.08       1.42 f
  IIR/IIR_stage1/add_42/U1_17/CO (FA_X1)                  0.08       1.51 f
  IIR/IIR_stage1/add_42/U1_18/CO (FA_X1)                  0.08       1.59 f
  IIR/IIR_stage1/add_42/U1_19/CO (FA_X1)                  0.08       1.67 f
  IIR/IIR_stage1/add_42/U1_20/CO (FA_X1)                  0.08       1.75 f
  IIR/IIR_stage1/add_42/U1_21/CO (FA_X1)                  0.08       1.83 f
  IIR/IIR_stage1/add_42/U1_22/CO (FA_X1)                  0.08       1.91 f
  IIR/IIR_stage1/add_42/U1_23/CO (FA_X1)                  0.08       1.99 f
  IIR/IIR_stage1/add_42/U1_24/CO (FA_X1)                  0.08       2.08 f
  IIR/IIR_stage1/add_42/U1_25/CO (FA_X1)                  0.08       2.16 f
  IIR/IIR_stage1/add_42/U1_26/CO (FA_X1)                  0.08       2.24 f
  IIR/IIR_stage1/add_42/U1_27/CO (FA_X1)                  0.08       2.32 f
  IIR/IIR_stage1/add_42/U1_28/CO (FA_X1)                  0.08       2.40 f
  IIR/IIR_stage1/add_42/U1_29/CO (FA_X1)                  0.08       2.48 f
  IIR/IIR_stage1/add_42/U1_30/CO (FA_X1)                  0.08       2.56 f
  IIR/IIR_stage1/add_42/U21/ZN (OAI21_X1)                 0.03       2.59 r
  IIR/IIR_stage1/add_42/U3/ZN (INV_X1)                    0.02       2.62 f
  IIR/IIR_stage1/add_42/U20/ZN (AOI21_X1)                 0.05       2.66 r
  IIR/IIR_stage1/add_42/U19/ZN (AND2_X1)                  0.05       2.71 r
  IIR/IIR_stage1/add_42/U18/ZN (OAI22_X1)                 0.03       2.74 f
  IIR/IIR_stage1/add_42/U17/ZN (OR2_X1)                   0.05       2.80 f
  IIR/IIR_stage1/add_42/U16/ZN (AOI22_X1)                 0.05       2.85 r
  IIR/IIR_stage1/add_42/U15/ZN (AND2_X1)                  0.05       2.89 r
  IIR/IIR_stage1/add_42/U14/ZN (OAI22_X1)                 0.03       2.93 f
  IIR/IIR_stage1/add_42/U13/ZN (OR2_X1)                   0.05       2.98 f
  IIR/IIR_stage1/add_42/U12/ZN (AOI22_X1)                 0.05       3.03 r
  IIR/IIR_stage1/add_42/U11/ZN (AND2_X1)                  0.05       3.08 r
  IIR/IIR_stage1/add_42/U10/ZN (OAI22_X1)                 0.03       3.11 f
  IIR/IIR_stage1/add_42/U1_37/S (FA_X1)                   0.09       3.20 f
  IIR/IIR_stage1/add_42/SUM[37] (IIR_R1020054732_CO_THETA536870912_DW01_add_1)
                                                          0.00       3.20 f
  IIR/IIR_stage1/U15/Z (BUF_X2)                           0.10       3.30 f
  IIR/IIR_stage1/o_filtered_sample[31] (IIR_R1020054732_CO_THETA536870912)
                                                          0.00       3.30 f
  IIR/IIR_stage2/i_sample[31] (IIR_R1020054732_CO_THETAn868675383)
                                                          0.00       3.30 f
  IIR/IIR_stage2/add_42/B[31] (IIR_R1020054732_CO_THETAn868675383_DW01_add_1)
                                                          0.00       3.30 f
  IIR/IIR_stage2/add_42/U24/ZN (OAI21_X1)                 0.08       3.38 r
  IIR/IIR_stage2/add_42/U23/ZN (OAI21_X1)                 0.04       3.42 f
  IIR/IIR_stage2/add_42/U22/ZN (OAI21_X1)                 0.04       3.46 r
  IIR/IIR_stage2/add_42/U21/ZN (OAI21_X1)                 0.04       3.50 f
  IIR/IIR_stage2/add_42/U20/ZN (OAI21_X1)                 0.04       3.54 r
  IIR/IIR_stage2/add_42/U3/ZN (INV_X1)                    0.02       3.56 f
  IIR/IIR_stage2/add_42/U19/ZN (AOI21_X1)                 0.05       3.61 r
  IIR/IIR_stage2/add_42/U6/ZN (INV_X1)                    0.03       3.64 f
  IIR/IIR_stage2/add_42/U18/ZN (OAI21_X1)                 0.04       3.68 r
  IIR/IIR_stage2/add_42/U17/ZN (OAI21_X1)                 0.04       3.72 f
  IIR/IIR_stage2/add_42/U16/ZN (OAI21_X1)                 0.04       3.76 r
  IIR/IIR_stage2/add_42/U4/ZN (INV_X1)                    0.02       3.78 f
  IIR/IIR_stage2/add_42/U15/ZN (AOI21_X1)                 0.05       3.83 r
  IIR/IIR_stage2/add_42/U7/ZN (INV_X1)                    0.03       3.86 f
  IIR/IIR_stage2/add_42/U14/ZN (OAI21_X1)                 0.04       3.89 r
  IIR/IIR_stage2/add_42/U13/ZN (OAI21_X1)                 0.04       3.93 f
  IIR/IIR_stage2/add_42/U1_37/S (FA_X1)                   0.21       4.14 r
  IIR/IIR_stage2/add_42/SUM[37] (IIR_R1020054732_CO_THETAn868675383_DW01_add_1)
                                                          0.00       4.14 r
  IIR/IIR_stage2/mult_47/a[31] (IIR_R1020054732_CO_THETAn868675383_DW_mult_tc_2)
                                                          0.00       4.14 r
  IIR/IIR_stage2/mult_47/U427/ZN (INV_X1)                 0.11       4.25 f
  IIR/IIR_stage2/mult_47/U188/S (FA_X1)                   0.15       4.41 r
  IIR/IIR_stage2/mult_47/U184/S (FA_X1)                   0.11       4.51 f
  IIR/IIR_stage2/mult_47/U181/S (FA_X1)                   0.13       4.64 r
  IIR/IIR_stage2/mult_47/U180/S (FA_X1)                   0.11       4.75 f
  IIR/IIR_stage2/mult_47/U30/CO (FA_X1)                   0.09       4.84 f
  IIR/IIR_stage2/mult_47/U29/CO (FA_X1)                   0.08       4.92 f
  IIR/IIR_stage2/mult_47/U28/CO (FA_X1)                   0.08       5.00 f
  IIR/IIR_stage2/mult_47/U27/CO (FA_X1)                   0.08       5.08 f
  IIR/IIR_stage2/mult_47/U26/CO (FA_X1)                   0.08       5.17 f
  IIR/IIR_stage2/mult_47/U25/CO (FA_X1)                   0.08       5.25 f
  IIR/IIR_stage2/mult_47/U24/CO (FA_X1)                   0.08       5.33 f
  IIR/IIR_stage2/mult_47/U23/CO (FA_X1)                   0.08       5.41 f
  IIR/IIR_stage2/mult_47/U22/CO (FA_X1)                   0.08       5.49 f
  IIR/IIR_stage2/mult_47/U21/CO (FA_X1)                   0.08       5.57 f
  IIR/IIR_stage2/mult_47/U20/CO (FA_X1)                   0.08       5.65 f
  IIR/IIR_stage2/mult_47/U19/CO (FA_X1)                   0.08       5.74 f
  IIR/IIR_stage2/mult_47/U18/CO (FA_X1)                   0.08       5.82 f
  IIR/IIR_stage2/mult_47/U17/CO (FA_X1)                   0.08       5.90 f
  IIR/IIR_stage2/mult_47/U16/CO (FA_X1)                   0.08       5.98 f
  IIR/IIR_stage2/mult_47/U15/CO (FA_X1)                   0.08       6.06 f
  IIR/IIR_stage2/mult_47/U14/CO (FA_X1)                   0.08       6.14 f
  IIR/IIR_stage2/mult_47/U13/CO (FA_X1)                   0.08       6.22 f
  IIR/IIR_stage2/mult_47/U12/CO (FA_X1)                   0.08       6.31 f
  IIR/IIR_stage2/mult_47/U11/CO (FA_X1)                   0.08       6.39 f
  IIR/IIR_stage2/mult_47/U10/CO (FA_X1)                   0.08       6.47 f
  IIR/IIR_stage2/mult_47/U9/CO (FA_X1)                    0.08       6.55 f
  IIR/IIR_stage2/mult_47/U8/CO (FA_X1)                    0.08       6.63 f
  IIR/IIR_stage2/mult_47/U7/CO (FA_X1)                    0.08       6.71 f
  IIR/IIR_stage2/mult_47/U6/CO (FA_X1)                    0.08       6.79 f
  IIR/IIR_stage2/mult_47/U5/CO (FA_X1)                    0.08       6.88 f
  IIR/IIR_stage2/mult_47/U4/CO (FA_X1)                    0.08       6.96 f
  IIR/IIR_stage2/mult_47/U3/S (FA_X1)                     0.11       7.07 r
  IIR/IIR_stage2/mult_47/product[59] (IIR_R1020054732_CO_THETAn868675383_DW_mult_tc_2)
                                                          0.00       7.07 r
  IIR/IIR_stage2/sub_58/B[30] (IIR_R1020054732_CO_THETAn868675383_DW01_sub_0)
                                                          0.00       7.07 r
  IIR/IIR_stage2/sub_58/U25/ZN (INV_X1)                   0.02       7.10 f
  IIR/IIR_stage2/sub_58/U2_30/CO (FA_X1)                  0.09       7.19 f
  IIR/IIR_stage2/sub_58/U2_31/CO (FA_X1)                  0.08       7.27 f
  IIR/IIR_stage2/sub_58/U2_32/S (FA_X1)                   0.11       7.38 r
  IIR/IIR_stage2/sub_58/DIFF[32] (IIR_R1020054732_CO_THETAn868675383_DW01_sub_0)
                                                          0.00       7.38 r
  IIR/IIR_stage2/U28/ZN (NAND2_X1)                        0.03       7.41 f
  IIR/IIR_stage2/U27/ZN (OAI21_X1)                        0.03       7.44 r
  IIR/IIR_stage2/z2_reg[32]/D (DFFR_X1)                   0.01       7.44 r
  data arrival time                                                  7.44

  clock clk_1 (rise edge)                                18.00      18.00
  clock network delay (ideal)                             0.00      18.00
  clock uncertainty                                      -0.35      17.65
  IIR/IIR_stage2/z2_reg[32]/CK (DFFR_X1)                  0.00      17.65 r
  library setup time                                     -0.04      17.61
  data required time                                                17.61
  --------------------------------------------------------------------------
  data required time                                                17.61
  data arrival time                                                 -7.44
  --------------------------------------------------------------------------
  slack (MET)                                                       10.17


  Startpoint: IIR/IIR_stage1/z1_reg[0]
              (rising edge-triggered flip-flop clocked by clk_1)
  Endpoint: IIR/IIR_stage2/z1_reg[33]
            (rising edge-triggered flip-flop clocked by clk_1)
  Path Group: clk_1
  Path Type: max

  Des/Clust/Port     Wire Load Model       Library
  ------------------------------------------------
  FIR_IIR            5K_hvratio_1_1        NangateOpenCellLibrary_ss0p95vn40c

  Point                                                   Incr       Path
  --------------------------------------------------------------------------
  clock clk_1 (rise edge)                                 0.00       0.00
  clock network delay (ideal)                             0.00       0.00
  IIR/IIR_stage1/z1_reg[0]/CK (DFFR_X1)                   0.00       0.00 r
  IIR/IIR_stage1/z1_reg[0]/Q (DFFR_X1)                    0.08       0.08 f
  IIR/IIR_stage1/add_42/A[0] (IIR_R1020054732_CO_THETA536870912_DW01_add_1)
                                                          0.00       0.08 f
  IIR/IIR_stage1/add_42/U4/ZN (AND2_X1)                   0.04       0.12 f
  IIR/IIR_stage1/add_42/U1_1/CO (FA_X1)                   0.08       0.20 f
  IIR/IIR_stage1/add_42/U1_2/CO (FA_X1)                   0.08       0.28 f
  IIR/IIR_stage1/add_42/U1_3/CO (FA_X1)                   0.08       0.37 f
  IIR/IIR_stage1/add_42/U1_4/CO (FA_X1)                   0.08       0.45 f
  IIR/IIR_stage1/add_42/U1_5/CO (FA_X1)                   0.08       0.53 f
  IIR/IIR_stage1/add_42/U1_6/CO (FA_X1)                   0.08       0.61 f
  IIR/IIR_stage1/add_42/U1_7/CO (FA_X1)                   0.08       0.69 f
  IIR/IIR_stage1/add_42/U1_8/CO (FA_X1)                   0.08       0.77 f
  IIR/IIR_stage1/add_42/U1_9/CO (FA_X1)                   0.08       0.85 f
  IIR/IIR_stage1/add_42/U1_10/CO (FA_X1)                  0.08       0.94 f
  IIR/IIR_stage1/add_42/U1_11/CO (FA_X1)                  0.08       1.02 f
  IIR/IIR_stage1/add_42/U1_12/CO (FA_X1)                  0.08       1.10 f
  IIR/IIR_stage1/add_42/U1_13/CO (FA_X1)                  0.08       1.18 f
  IIR/IIR_stage1/add_42/U1_14/CO (FA_X1)                  0.08       1.26 f
  IIR/IIR_stage1/add_42/U1_15/CO (FA_X1)                  0.08       1.34 f
  IIR/IIR_stage1/add_42/U1_16/CO (FA_X1)                  0.08       1.42 f
  IIR/IIR_stage1/add_42/U1_17/CO (FA_X1)                  0.08       1.51 f
  IIR/IIR_stage1/add_42/U1_18/CO (FA_X1)                  0.08       1.59 f
  IIR/IIR_stage1/add_42/U1_19/CO (FA_X1)                  0.08       1.67 f
  IIR/IIR_stage1/add_42/U1_20/CO (FA_X1)                  0.08       1.75 f
  IIR/IIR_stage1/add_42/U1_21/CO (FA_X1)                  0.08       1.83 f
  IIR/IIR_stage1/add_42/U1_22/CO (FA_X1)                  0.08       1.91 f
  IIR/IIR_stage1/add_42/U1_23/CO (FA_X1)                  0.08       1.99 f
  IIR/IIR_stage1/add_42/U1_24/CO (FA_X1)                  0.08       2.08 f
  IIR/IIR_stage1/add_42/U1_25/CO (FA_X1)                  0.08       2.16 f
  IIR/IIR_stage1/add_42/U1_26/CO (FA_X1)                  0.08       2.24 f
  IIR/IIR_stage1/add_42/U1_27/CO (FA_X1)                  0.08       2.32 f
  IIR/IIR_stage1/add_42/U1_28/CO (FA_X1)                  0.08       2.40 f
  IIR/IIR_stage1/add_42/U1_29/CO (FA_X1)                  0.08       2.48 f
  IIR/IIR_stage1/add_42/U1_30/CO (FA_X1)                  0.08       2.56 f
  IIR/IIR_stage1/add_42/U21/ZN (OAI21_X1)                 0.03       2.59 r
  IIR/IIR_stage1/add_42/U3/ZN (INV_X1)                    0.02       2.62 f
  IIR/IIR_stage1/add_42/U20/ZN (AOI21_X1)                 0.05       2.66 r
  IIR/IIR_stage1/add_42/U19/ZN (AND2_X1)                  0.05       2.71 r
  IIR/IIR_stage1/add_42/U18/ZN (OAI22_X1)                 0.03       2.74 f
  IIR/IIR_stage1/add_42/U17/ZN (OR2_X1)                   0.05       2.80 f
  IIR/IIR_stage1/add_42/U16/ZN (AOI22_X1)                 0.05       2.85 r
  IIR/IIR_stage1/add_42/U15/ZN (AND2_X1)                  0.05       2.89 r
  IIR/IIR_stage1/add_42/U14/ZN (OAI22_X1)                 0.03       2.93 f
  IIR/IIR_stage1/add_42/U13/ZN (OR2_X1)                   0.05       2.98 f
  IIR/IIR_stage1/add_42/U12/ZN (AOI22_X1)                 0.05       3.03 r
  IIR/IIR_stage1/add_42/U11/ZN (AND2_X1)                  0.05       3.08 r
  IIR/IIR_stage1/add_42/U10/ZN (OAI22_X1)                 0.03       3.11 f
  IIR/IIR_stage1/add_42/U1_37/S (FA_X1)                   0.09       3.20 f
  IIR/IIR_stage1/add_42/SUM[37] (IIR_R1020054732_CO_THETA536870912_DW01_add_1)
                                                          0.00       3.20 f
  IIR/IIR_stage1/U15/Z (BUF_X2)                           0.10       3.30 f
  IIR/IIR_stage1/o_filtered_sample[31] (IIR_R1020054732_CO_THETA536870912)
                                                          0.00       3.30 f
  IIR/IIR_stage2/i_sample[31] (IIR_R1020054732_CO_THETAn868675383)
                                                          0.00       3.30 f
  IIR/IIR_stage2/add_42/B[31] (IIR_R1020054732_CO_THETAn868675383_DW01_add_1)
                                                          0.00       3.30 f
  IIR/IIR_stage2/add_42/U24/ZN (OAI21_X1)                 0.08       3.38 r
  IIR/IIR_stage2/add_42/U23/ZN (OAI21_X1)                 0.04       3.42 f
  IIR/IIR_stage2/add_42/U22/ZN (OAI21_X1)                 0.04       3.46 r
  IIR/IIR_stage2/add_42/U21/ZN (OAI21_X1)                 0.04       3.50 f
  IIR/IIR_stage2/add_42/U20/ZN (OAI21_X1)                 0.04       3.54 r
  IIR/IIR_stage2/add_42/U3/ZN (INV_X1)                    0.02       3.56 f
  IIR/IIR_stage2/add_42/U19/ZN (AOI21_X1)                 0.05       3.61 r
  IIR/IIR_stage2/add_42/U6/ZN (INV_X1)                    0.03       3.64 f
  IIR/IIR_stage2/add_42/U18/ZN (OAI21_X1)                 0.04       3.68 r
  IIR/IIR_stage2/add_42/U17/ZN (OAI21_X1)                 0.04       3.72 f
  IIR/IIR_stage2/add_42/U16/ZN (OAI21_X1)                 0.04       3.76 r
  IIR/IIR_stage2/add_42/U4/ZN (INV_X1)                    0.02       3.78 f
  IIR/IIR_stage2/add_42/U15/ZN (AOI21_X1)                 0.05       3.83 r
  IIR/IIR_stage2/add_42/U7/ZN (INV_X1)                    0.03       3.86 f
  IIR/IIR_stage2/add_42/U14/ZN (OAI21_X1)                 0.04       3.89 r
  IIR/IIR_stage2/add_42/U13/ZN (OAI21_X1)                 0.04       3.93 f
  IIR/IIR_stage2/add_42/U1_37/S (FA_X1)                   0.21       4.14 r
  IIR/IIR_stage2/add_42/SUM[37] (IIR_R1020054732_CO_THETAn868675383_DW01_add_1)
                                                          0.00       4.14 r
  IIR/IIR_stage2/mult_44/a[31] (IIR_R1020054732_CO_THETAn868675383_DW_mult_tc_1)
                                                          0.00       4.14 r
  IIR/IIR_stage2/mult_44/U183/S (FA_X1)                   0.17       4.32 f
  IIR/IIR_stage2/mult_44/U179/CO (FA_X1)                  0.10       4.41 f
  IIR/IIR_stage2/mult_44/U171/S (FA_X1)                   0.13       4.54 r
  IIR/IIR_stage2/mult_44/U170/S (FA_X1)                   0.11       4.65 f
  IIR/IIR_stage2/mult_44/U30/CO (FA_X1)                   0.09       4.74 f
  IIR/IIR_stage2/mult_44/U29/CO (FA_X1)                   0.08       4.82 f
  IIR/IIR_stage2/mult_44/U28/CO (FA_X1)                   0.08       4.90 f
  IIR/IIR_stage2/mult_44/U27/CO (FA_X1)                   0.08       4.98 f
  IIR/IIR_stage2/mult_44/U26/CO (FA_X1)                   0.08       5.06 f
  IIR/IIR_stage2/mult_44/U25/CO (FA_X1)                   0.08       5.14 f
  IIR/IIR_stage2/mult_44/U24/CO (FA_X1)                   0.08       5.23 f
  IIR/IIR_stage2/mult_44/U23/CO (FA_X1)                   0.08       5.31 f
  IIR/IIR_stage2/mult_44/U22/CO (FA_X1)                   0.08       5.39 f
  IIR/IIR_stage2/mult_44/U21/CO (FA_X1)                   0.08       5.47 f
  IIR/IIR_stage2/mult_44/U20/CO (FA_X1)                   0.08       5.55 f
  IIR/IIR_stage2/mult_44/U19/CO (FA_X1)                   0.08       5.63 f
  IIR/IIR_stage2/mult_44/U18/CO (FA_X1)                   0.08       5.71 f
  IIR/IIR_stage2/mult_44/U17/CO (FA_X1)                   0.08       5.80 f
  IIR/IIR_stage2/mult_44/U16/CO (FA_X1)                   0.08       5.88 f
  IIR/IIR_stage2/mult_44/U15/CO (FA_X1)                   0.08       5.96 f
  IIR/IIR_stage2/mult_44/U14/CO (FA_X1)                   0.08       6.04 f
  IIR/IIR_stage2/mult_44/U13/CO (FA_X1)                   0.08       6.12 f
  IIR/IIR_stage2/mult_44/U12/CO (FA_X1)                   0.08       6.20 f
  IIR/IIR_stage2/mult_44/U11/CO (FA_X1)                   0.08       6.28 f
  IIR/IIR_stage2/mult_44/U10/CO (FA_X1)                   0.08       6.37 f
  IIR/IIR_stage2/mult_44/U9/CO (FA_X1)                    0.08       6.45 f
  IIR/IIR_stage2/mult_44/U8/CO (FA_X1)                    0.08       6.53 f
  IIR/IIR_stage2/mult_44/U7/CO (FA_X1)                    0.08       6.61 f
  IIR/IIR_stage2/mult_44/U6/CO (FA_X1)                    0.08       6.69 f
  IIR/IIR_stage2/mult_44/U5/CO (FA_X1)                    0.08       6.77 f
  IIR/IIR_stage2/mult_44/U4/CO (FA_X1)                    0.08       6.86 f
  IIR/IIR_stage2/mult_44/U3/CO (FA_X1)                    0.08       6.94 f
  IIR/IIR_stage2/mult_44/U2/S (FA_X1)                     0.12       7.06 r
  IIR/IIR_stage2/mult_44/product[61] (IIR_R1020054732_CO_THETAn868675383_DW_mult_tc_1)
                                                          0.00       7.06 r
  IIR/IIR_stage2/sub_46/A[31] (IIR_R1020054732_CO_THETAn868675383_DW01_sub_1)
                                                          0.00       7.06 r
  IIR/IIR_stage2/sub_46/U2_31/S (FA_X1)                   0.11       7.17 f
  IIR/IIR_stage2/sub_46/DIFF[31] (IIR_R1020054732_CO_THETAn868675383_DW01_sub_1)
                                                          0.00       7.17 f
  IIR/IIR_stage2/add_57/A[32] (IIR_R1020054732_CO_THETAn868675383_DW01_add_0)
                                                          0.00       7.17 f
  IIR/IIR_stage2/add_57/U1_32/CO (FA_X1)                  0.09       7.26 f
  IIR/IIR_stage2/add_57/U1_33/S (FA_X1)                   0.11       7.37 r
  IIR/IIR_stage2/add_57/SUM[33] (IIR_R1020054732_CO_THETAn868675383_DW01_add_0)
                                                          0.00       7.37 r
  IIR/IIR_stage2/U52/ZN (NAND2_X1)                        0.03       7.40 f
  IIR/IIR_stage2/U51/ZN (OAI21_X1)                        0.03       7.43 r
  IIR/IIR_stage2/z1_reg[33]/D (DFFR_X1)                   0.01       7.44 r
  data arrival time                                                  7.44

  clock clk_1 (rise edge)                                18.00      18.00
  clock network delay (ideal)                             0.00      18.00
  clock uncertainty                                      -0.35      17.65
  IIR/IIR_stage2/z1_reg[33]/CK (DFFR_X1)                  0.00      17.65 r
  library setup time                                     -0.04      17.61
  data required time                                                17.61
  --------------------------------------------------------------------------
  data required time                                                17.61
  data arrival time                                                 -7.44
  --------------------------------------------------------------------------
  slack (MET)                                                       10.18


  Startpoint: IIR/IIR_stage1/z1_reg[0]
              (rising edge-triggered flip-flop clocked by clk_1)
  Endpoint: IIR/IIR_stage2/z2_reg[31]
            (rising edge-triggered flip-flop clocked by clk_1)
  Path Group: clk_1
  Path Type: max

  Des/Clust/Port     Wire Load Model       Library
  ------------------------------------------------
  FIR_IIR            5K_hvratio_1_1        NangateOpenCellLibrary_ss0p95vn40c

  Point                                                   Incr       Path
  --------------------------------------------------------------------------
  clock clk_1 (rise edge)                                 0.00       0.00
  clock network delay (ideal)                             0.00       0.00
  IIR/IIR_stage1/z1_reg[0]/CK (DFFR_X1)                   0.00       0.00 r
  IIR/IIR_stage1/z1_reg[0]/Q (DFFR_X1)                    0.08       0.08 f
  IIR/IIR_stage1/add_42/A[0] (IIR_R1020054732_CO_THETA536870912_DW01_add_1)
                                                          0.00       0.08 f
  IIR/IIR_stage1/add_42/U4/ZN (AND2_X1)                   0.04       0.12 f
  IIR/IIR_stage1/add_42/U1_1/CO (FA_X1)                   0.08       0.20 f
  IIR/IIR_stage1/add_42/U1_2/CO (FA_X1)                   0.08       0.28 f
  IIR/IIR_stage1/add_42/U1_3/CO (FA_X1)                   0.08       0.37 f
  IIR/IIR_stage1/add_42/U1_4/CO (FA_X1)                   0.08       0.45 f
  IIR/IIR_stage1/add_42/U1_5/CO (FA_X1)                   0.08       0.53 f
  IIR/IIR_stage1/add_42/U1_6/CO (FA_X1)                   0.08       0.61 f
  IIR/IIR_stage1/add_42/U1_7/CO (FA_X1)                   0.08       0.69 f
  IIR/IIR_stage1/add_42/U1_8/CO (FA_X1)                   0.08       0.77 f
  IIR/IIR_stage1/add_42/U1_9/CO (FA_X1)                   0.08       0.85 f
  IIR/IIR_stage1/add_42/U1_10/CO (FA_X1)                  0.08       0.94 f
  IIR/IIR_stage1/add_42/U1_11/CO (FA_X1)                  0.08       1.02 f
  IIR/IIR_stage1/add_42/U1_12/CO (FA_X1)                  0.08       1.10 f
  IIR/IIR_stage1/add_42/U1_13/CO (FA_X1)                  0.08       1.18 f
  IIR/IIR_stage1/add_42/U1_14/CO (FA_X1)                  0.08       1.26 f
  IIR/IIR_stage1/add_42/U1_15/CO (FA_X1)                  0.08       1.34 f
  IIR/IIR_stage1/add_42/U1_16/CO (FA_X1)                  0.08       1.42 f
  IIR/IIR_stage1/add_42/U1_17/CO (FA_X1)                  0.08       1.51 f
  IIR/IIR_stage1/add_42/U1_18/CO (FA_X1)                  0.08       1.59 f
  IIR/IIR_stage1/add_42/U1_19/CO (FA_X1)                  0.08       1.67 f
  IIR/IIR_stage1/add_42/U1_20/CO (FA_X1)                  0.08       1.75 f
  IIR/IIR_stage1/add_42/U1_21/CO (FA_X1)                  0.08       1.83 f
  IIR/IIR_stage1/add_42/U1_22/CO (FA_X1)                  0.08       1.91 f
  IIR/IIR_stage1/add_42/U1_23/CO (FA_X1)                  0.08       1.99 f
  IIR/IIR_stage1/add_42/U1_24/CO (FA_X1)                  0.08       2.08 f
  IIR/IIR_stage1/add_42/U1_25/CO (FA_X1)                  0.08       2.16 f
  IIR/IIR_stage1/add_42/U1_26/CO (FA_X1)                  0.08       2.24 f
  IIR/IIR_stage1/add_42/U1_27/CO (FA_X1)                  0.08       2.32 f
  IIR/IIR_stage1/add_42/U1_28/CO (FA_X1)                  0.08       2.40 f
  IIR/IIR_stage1/add_42/U1_29/CO (FA_X1)                  0.08       2.48 f
  IIR/IIR_stage1/add_42/U1_30/CO (FA_X1)                  0.08       2.56 f
  IIR/IIR_stage1/add_42/U21/ZN (OAI21_X1)                 0.03       2.59 r
  IIR/IIR_stage1/add_42/U3/ZN (INV_X1)                    0.02       2.62 f
  IIR/IIR_stage1/add_42/U20/ZN (AOI21_X1)                 0.05       2.66 r
  IIR/IIR_stage1/add_42/U19/ZN (AND2_X1)                  0.05       2.71 r
  IIR/IIR_stage1/add_42/U18/ZN (OAI22_X1)                 0.03       2.74 f
  IIR/IIR_stage1/add_42/U17/ZN (OR2_X1)                   0.05       2.80 f
  IIR/IIR_stage1/add_42/U16/ZN (AOI22_X1)                 0.05       2.85 r
  IIR/IIR_stage1/add_42/U15/ZN (AND2_X1)                  0.05       2.89 r
  IIR/IIR_stage1/add_42/U14/ZN (OAI22_X1)                 0.03       2.93 f
  IIR/IIR_stage1/add_42/U13/ZN (OR2_X1)                   0.05       2.98 f
  IIR/IIR_stage1/add_42/U12/ZN (AOI22_X1)                 0.05       3.03 r
  IIR/IIR_stage1/add_42/U11/ZN (AND2_X1)                  0.05       3.08 r
  IIR/IIR_stage1/add_42/U10/ZN (OAI22_X1)                 0.03       3.11 f
  IIR/IIR_stage1/add_42/U1_37/S (FA_X1)                   0.09       3.20 f
  IIR/IIR_stage1/add_42/SUM[37] (IIR_R1020054732_CO_THETA536870912_DW01_add_1)
                                                          0.00       3.20 f
  IIR/IIR_stage1/U15/Z (BUF_X2)                           0.10       3.30 f
  IIR/IIR_stage1/o_filtered_sample[31] (IIR_R1020054732_CO_THETA536870912)
                                                          0.00       3.30 f
  IIR/IIR_stage2/i_sample[31] (IIR_R1020054732_CO_THETAn868675383)
                                                          0.00       3.30 f
  IIR/IIR_stage2/add_42/B[31] (IIR_R1020054732_CO_THETAn868675383_DW01_add_1)
                                                          0.00       3.30 f
  IIR/IIR_stage2/add_42/U24/ZN (OAI21_X1)                 0.08       3.38 r
  IIR/IIR_stage2/add_42/U23/ZN (OAI21_X1)                 0.04       3.42 f
  IIR/IIR_stage2/add_42/U22/ZN (OAI21_X1)                 0.04       3.46 r
  IIR/IIR_stage2/add_42/U21/ZN (OAI21_X1)                 0.04       3.50 f
  IIR/IIR_stage2/add_42/U20/ZN (OAI21_X1)                 0.04       3.54 r
  IIR/IIR_stage2/add_42/U3/ZN (INV_X1)                    0.02       3.56 f
  IIR/IIR_stage2/add_42/U19/ZN (AOI21_X1)                 0.05       3.61 r
  IIR/IIR_stage2/add_42/U6/ZN (INV_X1)                    0.03       3.64 f
  IIR/IIR_stage2/add_42/U18/ZN (OAI21_X1)                 0.04       3.68 r
  IIR/IIR_stage2/add_42/U17/ZN (OAI21_X1)                 0.04       3.72 f
  IIR/IIR_stage2/add_42/U16/ZN (OAI21_X1)                 0.04       3.76 r
  IIR/IIR_stage2/add_42/U4/ZN (INV_X1)                    0.02       3.78 f
  IIR/IIR_stage2/add_42/U15/ZN (AOI21_X1)                 0.05       3.83 r
  IIR/IIR_stage2/add_42/U7/ZN (INV_X1)                    0.03       3.86 f
  IIR/IIR_stage2/add_42/U14/ZN (OAI21_X1)                 0.04       3.89 r
  IIR/IIR_stage2/add_42/U13/ZN (OAI21_X1)                 0.04       3.93 f
  IIR/IIR_stage2/add_42/U1_37/S (FA_X1)                   0.21       4.14 r
  IIR/IIR_stage2/add_42/SUM[37] (IIR_R1020054732_CO_THETAn868675383_DW01_add_1)
                                                          0.00       4.14 r
  IIR/IIR_stage2/mult_47/a[31] (IIR_R1020054732_CO_THETAn868675383_DW_mult_tc_2)
                                                          0.00       4.14 r
  IIR/IIR_stage2/mult_47/U427/ZN (INV_X1)                 0.11       4.25 f
  IIR/IIR_stage2/mult_47/U188/S (FA_X1)                   0.15       4.41 r
  IIR/IIR_stage2/mult_47/U184/S (FA_X1)                   0.11       4.51 f
  IIR/IIR_stage2/mult_47/U181/S (FA_X1)                   0.13       4.64 r
  IIR/IIR_stage2/mult_47/U180/S (FA_X1)                   0.11       4.75 f
  IIR/IIR_stage2/mult_47/U30/CO (FA_X1)                   0.09       4.84 f
  IIR/IIR_stage2/mult_47/U29/CO (FA_X1)                   0.08       4.92 f
  IIR/IIR_stage2/mult_47/U28/CO (FA_X1)                   0.08       5.00 f
  IIR/IIR_stage2/mult_47/U27/CO (FA_X1)                   0.08       5.08 f
  IIR/IIR_stage2/mult_47/U26/CO (FA_X1)                   0.08       5.17 f
  IIR/IIR_stage2/mult_47/U25/CO (FA_X1)                   0.08       5.25 f
  IIR/IIR_stage2/mult_47/U24/CO (FA_X1)                   0.08       5.33 f
  IIR/IIR_stage2/mult_47/U23/CO (FA_X1)                   0.08       5.41 f
  IIR/IIR_stage2/mult_47/U22/CO (FA_X1)                   0.08       5.49 f
  IIR/IIR_stage2/mult_47/U21/CO (FA_X1)                   0.08       5.57 f
  IIR/IIR_stage2/mult_47/U20/CO (FA_X1)                   0.08       5.65 f
  IIR/IIR_stage2/mult_47/U19/CO (FA_X1)                   0.08       5.74 f
  IIR/IIR_stage2/mult_47/U18/CO (FA_X1)                   0.08       5.82 f
  IIR/IIR_stage2/mult_47/U17/CO (FA_X1)                   0.08       5.90 f
  IIR/IIR_stage2/mult_47/U16/CO (FA_X1)                   0.08       5.98 f
  IIR/IIR_stage2/mult_47/U15/CO (FA_X1)                   0.08       6.06 f
  IIR/IIR_stage2/mult_47/U14/CO (FA_X1)                   0.08       6.14 f
  IIR/IIR_stage2/mult_47/U13/CO (FA_X1)                   0.08       6.22 f
  IIR/IIR_stage2/mult_47/U12/CO (FA_X1)                   0.08       6.31 f
  IIR/IIR_stage2/mult_47/U11/CO (FA_X1)                   0.08       6.39 f
  IIR/IIR_stage2/mult_47/U10/CO (FA_X1)                   0.08       6.47 f
  IIR/IIR_stage2/mult_47/U9/CO (FA_X1)                    0.08       6.55 f
  IIR/IIR_stage2/mult_47/U8/CO (FA_X1)                    0.08       6.63 f
  IIR/IIR_stage2/mult_47/U7/CO (FA_X1)                    0.08       6.71 f
  IIR/IIR_stage2/mult_47/U6/CO (FA_X1)                    0.08       6.79 f
  IIR/IIR_stage2/mult_47/U5/CO (FA_X1)                    0.08       6.88 f
  IIR/IIR_stage2/mult_47/U4/CO (FA_X1)                    0.08       6.96 f
  IIR/IIR_stage2/mult_47/U3/CO (FA_X1)                    0.08       7.04 f
  IIR/IIR_stage2/mult_47/U2/S (FA_X1)                     0.11       7.15 r
  IIR/IIR_stage2/mult_47/product[60] (IIR_R1020054732_CO_THETAn868675383_DW_mult_tc_2)
                                                          0.00       7.15 r
  IIR/IIR_stage2/sub_58/B[31] (IIR_R1020054732_CO_THETAn868675383_DW01_sub_0)
                                                          0.00       7.15 r
  IIR/IIR_stage2/sub_58/U26/ZN (INV_X1)                   0.02       7.18 f
  IIR/IIR_stage2/sub_58/U2_31/S (FA_X1)                   0.12       7.30 r
  IIR/IIR_stage2/sub_58/DIFF[31] (IIR_R1020054732_CO_THETAn868675383_DW01_sub_0)
                                                          0.00       7.30 r
  IIR/IIR_stage2/U74/ZN (NAND2_X1)                        0.03       7.33 f
  IIR/IIR_stage2/U73/ZN (OAI21_X1)                        0.03       7.35 r
  IIR/IIR_stage2/z2_reg[31]/D (DFFR_X1)                   0.01       7.36 r
  data arrival time                                                  7.36

  clock clk_1 (rise edge)                                18.00      18.00
  clock network delay (ideal)                             0.00      18.00
  clock uncertainty                                      -0.35      17.65
  IIR/IIR_stage2/z2_reg[31]/CK (DFFR_X1)                  0.00      17.65 r
  library setup time                                     -0.04      17.61
  data required time                                                17.61
  --------------------------------------------------------------------------
  data required time                                                17.61
  data arrival time                                                 -7.36
  --------------------------------------------------------------------------
  slack (MET)                                                       10.25


  Startpoint: IIR/IIR_stage1/z1_reg[0]
              (rising edge-triggered flip-flop clocked by clk_1)
  Endpoint: IIR/IIR_stage2/z1_reg[32]
            (rising edge-triggered flip-flop clocked by clk_1)
  Path Group: clk_1
  Path Type: max

  Des/Clust/Port     Wire Load Model       Library
  ------------------------------------------------
  FIR_IIR            5K_hvratio_1_1        NangateOpenCellLibrary_ss0p95vn40c

  Point                                                   Incr       Path
  --------------------------------------------------------------------------
  clock clk_1 (rise edge)                                 0.00       0.00
  clock network delay (ideal)                             0.00       0.00
  IIR/IIR_stage1/z1_reg[0]/CK (DFFR_X1)                   0.00       0.00 r
  IIR/IIR_stage1/z1_reg[0]/Q (DFFR_X1)                    0.08       0.08 f
  IIR/IIR_stage1/add_42/A[0] (IIR_R1020054732_CO_THETA536870912_DW01_add_1)
                                                          0.00       0.08 f
  IIR/IIR_stage1/add_42/U4/ZN (AND2_X1)                   0.04       0.12 f
  IIR/IIR_stage1/add_42/U1_1/CO (FA_X1)                   0.08       0.20 f
  IIR/IIR_stage1/add_42/U1_2/CO (FA_X1)                   0.08       0.28 f
  IIR/IIR_stage1/add_42/U1_3/CO (FA_X1)                   0.08       0.37 f
  IIR/IIR_stage1/add_42/U1_4/CO (FA_X1)                   0.08       0.45 f
  IIR/IIR_stage1/add_42/U1_5/CO (FA_X1)                   0.08       0.53 f
  IIR/IIR_stage1/add_42/U1_6/CO (FA_X1)                   0.08       0.61 f
  IIR/IIR_stage1/add_42/U1_7/CO (FA_X1)                   0.08       0.69 f
  IIR/IIR_stage1/add_42/U1_8/CO (FA_X1)                   0.08       0.77 f
  IIR/IIR_stage1/add_42/U1_9/CO (FA_X1)                   0.08       0.85 f
  IIR/IIR_stage1/add_42/U1_10/CO (FA_X1)                  0.08       0.94 f
  IIR/IIR_stage1/add_42/U1_11/CO (FA_X1)                  0.08       1.02 f
  IIR/IIR_stage1/add_42/U1_12/CO (FA_X1)                  0.08       1.10 f
  IIR/IIR_stage1/add_42/U1_13/CO (FA_X1)                  0.08       1.18 f
  IIR/IIR_stage1/add_42/U1_14/CO (FA_X1)                  0.08       1.26 f
  IIR/IIR_stage1/add_42/U1_15/CO (FA_X1)                  0.08       1.34 f
  IIR/IIR_stage1/add_42/U1_16/CO (FA_X1)                  0.08       1.42 f
  IIR/IIR_stage1/add_42/U1_17/CO (FA_X1)                  0.08       1.51 f
  IIR/IIR_stage1/add_42/U1_18/CO (FA_X1)                  0.08       1.59 f
  IIR/IIR_stage1/add_42/U1_19/CO (FA_X1)                  0.08       1.67 f
  IIR/IIR_stage1/add_42/U1_20/CO (FA_X1)                  0.08       1.75 f
  IIR/IIR_stage1/add_42/U1_21/CO (FA_X1)                  0.08       1.83 f
  IIR/IIR_stage1/add_42/U1_22/CO (FA_X1)                  0.08       1.91 f
  IIR/IIR_stage1/add_42/U1_23/CO (FA_X1)                  0.08       1.99 f
  IIR/IIR_stage1/add_42/U1_24/CO (FA_X1)                  0.08       2.08 f
  IIR/IIR_stage1/add_42/U1_25/CO (FA_X1)                  0.08       2.16 f
  IIR/IIR_stage1/add_42/U1_26/CO (FA_X1)                  0.08       2.24 f
  IIR/IIR_stage1/add_42/U1_27/CO (FA_X1)                  0.08       2.32 f
  IIR/IIR_stage1/add_42/U1_28/CO (FA_X1)                  0.08       2.40 f
  IIR/IIR_stage1/add_42/U1_29/CO (FA_X1)                  0.08       2.48 f
  IIR/IIR_stage1/add_42/U1_30/CO (FA_X1)                  0.08       2.56 f
  IIR/IIR_stage1/add_42/U21/ZN (OAI21_X1)                 0.03       2.59 r
  IIR/IIR_stage1/add_42/U3/ZN (INV_X1)                    0.02       2.62 f
  IIR/IIR_stage1/add_42/U20/ZN (AOI21_X1)                 0.05       2.66 r
  IIR/IIR_stage1/add_42/U19/ZN (AND2_X1)                  0.05       2.71 r
  IIR/IIR_stage1/add_42/U18/ZN (OAI22_X1)                 0.03       2.74 f
  IIR/IIR_stage1/add_42/U17/ZN (OR2_X1)                   0.05       2.80 f
  IIR/IIR_stage1/add_42/U16/ZN (AOI22_X1)                 0.05       2.85 r
  IIR/IIR_stage1/add_42/U15/ZN (AND2_X1)                  0.05       2.89 r
  IIR/IIR_stage1/add_42/U14/ZN (OAI22_X1)                 0.03       2.93 f
  IIR/IIR_stage1/add_42/U13/ZN (OR2_X1)                   0.05       2.98 f
  IIR/IIR_stage1/add_42/U12/ZN (AOI22_X1)                 0.05       3.03 r
  IIR/IIR_stage1/add_42/U11/ZN (AND2_X1)                  0.05       3.08 r
  IIR/IIR_stage1/add_42/U10/ZN (OAI22_X1)                 0.03       3.11 f
  IIR/IIR_stage1/add_42/U1_37/S (FA_X1)                   0.09       3.20 f
  IIR/IIR_stage1/add_42/SUM[37] (IIR_R1020054732_CO_THETA536870912_DW01_add_1)
                                                          0.00       3.20 f
  IIR/IIR_stage1/U15/Z (BUF_X2)                           0.10       3.30 f
  IIR/IIR_stage1/o_filtered_sample[31] (IIR_R1020054732_CO_THETA536870912)
                                                          0.00       3.30 f
  IIR/IIR_stage2/i_sample[31] (IIR_R1020054732_CO_THETAn868675383)
                                                          0.00       3.30 f
  IIR/IIR_stage2/add_42/B[31] (IIR_R1020054732_CO_THETAn868675383_DW01_add_1)
                                                          0.00       3.30 f
  IIR/IIR_stage2/add_42/U24/ZN (OAI21_X1)                 0.08       3.38 r
  IIR/IIR_stage2/add_42/U23/ZN (OAI21_X1)                 0.04       3.42 f
  IIR/IIR_stage2/add_42/U22/ZN (OAI21_X1)                 0.04       3.46 r
  IIR/IIR_stage2/add_42/U21/ZN (OAI21_X1)                 0.04       3.50 f
  IIR/IIR_stage2/add_42/U20/ZN (OAI21_X1)                 0.04       3.54 r
  IIR/IIR_stage2/add_42/U3/ZN (INV_X1)                    0.02       3.56 f
  IIR/IIR_stage2/add_42/U19/ZN (AOI21_X1)                 0.05       3.61 r
  IIR/IIR_stage2/add_42/U6/ZN (INV_X1)                    0.03       3.64 f
  IIR/IIR_stage2/add_42/U18/ZN (OAI21_X1)                 0.04       3.68 r
  IIR/IIR_stage2/add_42/U17/ZN (OAI21_X1)                 0.04       3.72 f
  IIR/IIR_stage2/add_42/U16/ZN (OAI21_X1)                 0.04       3.76 r
  IIR/IIR_stage2/add_42/U4/ZN (INV_X1)                    0.02       3.78 f
  IIR/IIR_stage2/add_42/U15/ZN (AOI21_X1)                 0.05       3.83 r
  IIR/IIR_stage2/add_42/U7/ZN (INV_X1)                    0.03       3.86 f
  IIR/IIR_stage2/add_42/U14/ZN (OAI21_X1)                 0.04       3.89 r
  IIR/IIR_stage2/add_42/U13/ZN (OAI21_X1)                 0.04       3.93 f
  IIR/IIR_stage2/add_42/U1_37/S (FA_X1)                   0.21       4.14 r
  IIR/IIR_stage2/add_42/SUM[37] (IIR_R1020054732_CO_THETAn868675383_DW01_add_1)
                                                          0.00       4.14 r
  IIR/IIR_stage2/mult_44/a[31] (IIR_R1020054732_CO_THETAn868675383_DW_mult_tc_1)
                                                          0.00       4.14 r
  IIR/IIR_stage2/mult_44/U183/S (FA_X1)                   0.17       4.32 f
  IIR/IIR_stage2/mult_44/U179/CO (FA_X1)                  0.10       4.41 f
  IIR/IIR_stage2/mult_44/U171/S (FA_X1)                   0.13       4.54 r
  IIR/IIR_stage2/mult_44/U170/S (FA_X1)                   0.11       4.65 f
  IIR/IIR_stage2/mult_44/U30/CO (FA_X1)                   0.09       4.74 f
  IIR/IIR_stage2/mult_44/U29/CO (FA_X1)                   0.08       4.82 f
  IIR/IIR_stage2/mult_44/U28/CO (FA_X1)                   0.08       4.90 f
  IIR/IIR_stage2/mult_44/U27/CO (FA_X1)                   0.08       4.98 f
  IIR/IIR_stage2/mult_44/U26/CO (FA_X1)                   0.08       5.06 f
  IIR/IIR_stage2/mult_44/U25/CO (FA_X1)                   0.08       5.14 f
  IIR/IIR_stage2/mult_44/U24/CO (FA_X1)                   0.08       5.23 f
  IIR/IIR_stage2/mult_44/U23/CO (FA_X1)                   0.08       5.31 f
  IIR/IIR_stage2/mult_44/U22/CO (FA_X1)                   0.08       5.39 f
  IIR/IIR_stage2/mult_44/U21/CO (FA_X1)                   0.08       5.47 f
  IIR/IIR_stage2/mult_44/U20/CO (FA_X1)                   0.08       5.55 f
  IIR/IIR_stage2/mult_44/U19/CO (FA_X1)                   0.08       5.63 f
  IIR/IIR_stage2/mult_44/U18/CO (FA_X1)                   0.08       5.71 f
  IIR/IIR_stage2/mult_44/U17/CO (FA_X1)                   0.08       5.80 f
  IIR/IIR_stage2/mult_44/U16/CO (FA_X1)                   0.08       5.88 f
  IIR/IIR_stage2/mult_44/U15/CO (FA_X1)                   0.08       5.96 f
  IIR/IIR_stage2/mult_44/U14/CO (FA_X1)                   0.08       6.04 f
  IIR/IIR_stage2/mult_44/U13/CO (FA_X1)                   0.08       6.12 f
  IIR/IIR_stage2/mult_44/U12/CO (FA_X1)                   0.08       6.20 f
  IIR/IIR_stage2/mult_44/U11/CO (FA_X1)                   0.08       6.28 f
  IIR/IIR_stage2/mult_44/U10/CO (FA_X1)                   0.08       6.37 f
  IIR/IIR_stage2/mult_44/U9/CO (FA_X1)                    0.08       6.45 f
  IIR/IIR_stage2/mult_44/U8/CO (FA_X1)                    0.08       6.53 f
  IIR/IIR_stage2/mult_44/U7/CO (FA_X1)                    0.08       6.61 f
  IIR/IIR_stage2/mult_44/U6/CO (FA_X1)                    0.08       6.69 f
  IIR/IIR_stage2/mult_44/U5/CO (FA_X1)                    0.08       6.77 f
  IIR/IIR_stage2/mult_44/U4/CO (FA_X1)                    0.08       6.86 f
  IIR/IIR_stage2/mult_44/U3/CO (FA_X1)                    0.08       6.94 f
  IIR/IIR_stage2/mult_44/U2/S (FA_X1)                     0.12       7.06 r
  IIR/IIR_stage2/mult_44/product[61] (IIR_R1020054732_CO_THETAn868675383_DW_mult_tc_1)
                                                          0.00       7.06 r
  IIR/IIR_stage2/sub_46/A[31] (IIR_R1020054732_CO_THETAn868675383_DW01_sub_1)
                                                          0.00       7.06 r
  IIR/IIR_stage2/sub_46/U2_31/S (FA_X1)                   0.11       7.17 f
  IIR/IIR_stage2/sub_46/DIFF[31] (IIR_R1020054732_CO_THETAn868675383_DW01_sub_1)
                                                          0.00       7.17 f
  IIR/IIR_stage2/add_57/A[32] (IIR_R1020054732_CO_THETAn868675383_DW01_add_0)
                                                          0.00       7.17 f
  IIR/IIR_stage2/add_57/U1_32/S (FA_X1)                   0.12       7.29 r
  IIR/IIR_stage2/add_57/SUM[32] (IIR_R1020054732_CO_THETAn868675383_DW01_add_0)
                                                          0.00       7.29 r
  IIR/IIR_stage2/U50/ZN (NAND2_X1)                        0.03       7.32 f
  IIR/IIR_stage2/U49/ZN (OAI21_X1)                        0.03       7.35 r
  IIR/IIR_stage2/z1_reg[32]/D (DFFR_X1)                   0.01       7.35 r
  data arrival time                                                  7.35

  clock clk_1 (rise edge)                                18.00      18.00
  clock network delay (ideal)                             0.00      18.00
  clock uncertainty                                      -0.35      17.65
  IIR/IIR_stage2/z1_reg[32]/CK (DFFR_X1)                  0.00      17.65 r
  library setup time                                     -0.04      17.61
  data required time                                                17.61
  --------------------------------------------------------------------------
  data required time                                                17.61
  data arrival time                                                 -7.35
  --------------------------------------------------------------------------
  slack (MET)                                                       10.26


  Startpoint: IIR/IIR_stage1/z1_reg[0]
              (rising edge-triggered flip-flop clocked by clk_1)
  Endpoint: IIR/IIR_stage2/z2_reg[30]
            (rising edge-triggered flip-flop clocked by clk_1)
  Path Group: clk_1
  Path Type: max

  Des/Clust/Port     Wire Load Model       Library
  ------------------------------------------------
  FIR_IIR            5K_hvratio_1_1        NangateOpenCellLibrary_ss0p95vn40c

  Point                                                   Incr       Path
  --------------------------------------------------------------------------
  clock clk_1 (rise edge)                                 0.00       0.00
  clock network delay (ideal)                             0.00       0.00
  IIR/IIR_stage1/z1_reg[0]/CK (DFFR_X1)                   0.00       0.00 r
  IIR/IIR_stage1/z1_reg[0]/Q (DFFR_X1)                    0.08       0.08 f
  IIR/IIR_stage1/add_42/A[0] (IIR_R1020054732_CO_THETA536870912_DW01_add_1)
                                                          0.00       0.08 f
  IIR/IIR_stage1/add_42/U4/ZN (AND2_X1)                   0.04       0.12 f
  IIR/IIR_stage1/add_42/U1_1/CO (FA_X1)                   0.08       0.20 f
  IIR/IIR_stage1/add_42/U1_2/CO (FA_X1)                   0.08       0.28 f
  IIR/IIR_stage1/add_42/U1_3/CO (FA_X1)                   0.08       0.37 f
  IIR/IIR_stage1/add_42/U1_4/CO (FA_X1)                   0.08       0.45 f
  IIR/IIR_stage1/add_42/U1_5/CO (FA_X1)                   0.08       0.53 f
  IIR/IIR_stage1/add_42/U1_6/CO (FA_X1)                   0.08       0.61 f
  IIR/IIR_stage1/add_42/U1_7/CO (FA_X1)                   0.08       0.69 f
  IIR/IIR_stage1/add_42/U1_8/CO (FA_X1)                   0.08       0.77 f
  IIR/IIR_stage1/add_42/U1_9/CO (FA_X1)                   0.08       0.85 f
  IIR/IIR_stage1/add_42/U1_10/CO (FA_X1)                  0.08       0.94 f
  IIR/IIR_stage1/add_42/U1_11/CO (FA_X1)                  0.08       1.02 f
  IIR/IIR_stage1/add_42/U1_12/CO (FA_X1)                  0.08       1.10 f
  IIR/IIR_stage1/add_42/U1_13/CO (FA_X1)                  0.08       1.18 f
  IIR/IIR_stage1/add_42/U1_14/CO (FA_X1)                  0.08       1.26 f
  IIR/IIR_stage1/add_42/U1_15/CO (FA_X1)                  0.08       1.34 f
  IIR/IIR_stage1/add_42/U1_16/CO (FA_X1)                  0.08       1.42 f
  IIR/IIR_stage1/add_42/U1_17/CO (FA_X1)                  0.08       1.51 f
  IIR/IIR_stage1/add_42/U1_18/CO (FA_X1)                  0.08       1.59 f
  IIR/IIR_stage1/add_42/U1_19/CO (FA_X1)                  0.08       1.67 f
  IIR/IIR_stage1/add_42/U1_20/CO (FA_X1)                  0.08       1.75 f
  IIR/IIR_stage1/add_42/U1_21/CO (FA_X1)                  0.08       1.83 f
  IIR/IIR_stage1/add_42/U1_22/CO (FA_X1)                  0.08       1.91 f
  IIR/IIR_stage1/add_42/U1_23/CO (FA_X1)                  0.08       1.99 f
  IIR/IIR_stage1/add_42/U1_24/CO (FA_X1)                  0.08       2.08 f
  IIR/IIR_stage1/add_42/U1_25/CO (FA_X1)                  0.08       2.16 f
  IIR/IIR_stage1/add_42/U1_26/CO (FA_X1)                  0.08       2.24 f
  IIR/IIR_stage1/add_42/U1_27/CO (FA_X1)                  0.08       2.32 f
  IIR/IIR_stage1/add_42/U1_28/CO (FA_X1)                  0.08       2.40 f
  IIR/IIR_stage1/add_42/U1_29/CO (FA_X1)                  0.08       2.48 f
  IIR/IIR_stage1/add_42/U1_30/CO (FA_X1)                  0.08       2.56 f
  IIR/IIR_stage1/add_42/U21/ZN (OAI21_X1)                 0.03       2.59 r
  IIR/IIR_stage1/add_42/U3/ZN (INV_X1)                    0.02       2.62 f
  IIR/IIR_stage1/add_42/U20/ZN (AOI21_X1)                 0.05       2.66 r
  IIR/IIR_stage1/add_42/U19/ZN (AND2_X1)                  0.05       2.71 r
  IIR/IIR_stage1/add_42/U18/ZN (OAI22_X1)                 0.03       2.74 f
  IIR/IIR_stage1/add_42/U17/ZN (OR2_X1)                   0.05       2.80 f
  IIR/IIR_stage1/add_42/U16/ZN (AOI22_X1)                 0.05       2.85 r
  IIR/IIR_stage1/add_42/U15/ZN (AND2_X1)                  0.05       2.89 r
  IIR/IIR_stage1/add_42/U14/ZN (OAI22_X1)                 0.03       2.93 f
  IIR/IIR_stage1/add_42/U13/ZN (OR2_X1)                   0.05       2.98 f
  IIR/IIR_stage1/add_42/U12/ZN (AOI22_X1)                 0.05       3.03 r
  IIR/IIR_stage1/add_42/U11/ZN (AND2_X1)                  0.05       3.08 r
  IIR/IIR_stage1/add_42/U10/ZN (OAI22_X1)                 0.03       3.11 f
  IIR/IIR_stage1/add_42/U1_37/S (FA_X1)                   0.09       3.20 f
  IIR/IIR_stage1/add_42/SUM[37] (IIR_R1020054732_CO_THETA536870912_DW01_add_1)
                                                          0.00       3.20 f
  IIR/IIR_stage1/U15/Z (BUF_X2)                           0.10       3.30 f
  IIR/IIR_stage1/o_filtered_sample[31] (IIR_R1020054732_CO_THETA536870912)
                                                          0.00       3.30 f
  IIR/IIR_stage2/i_sample[31] (IIR_R1020054732_CO_THETAn868675383)
                                                          0.00       3.30 f
  IIR/IIR_stage2/add_42/B[31] (IIR_R1020054732_CO_THETAn868675383_DW01_add_1)
                                                          0.00       3.30 f
  IIR/IIR_stage2/add_42/U24/ZN (OAI21_X1)                 0.08       3.38 r
  IIR/IIR_stage2/add_42/U23/ZN (OAI21_X1)                 0.04       3.42 f
  IIR/IIR_stage2/add_42/U22/ZN (OAI21_X1)                 0.04       3.46 r
  IIR/IIR_stage2/add_42/U21/ZN (OAI21_X1)                 0.04       3.50 f
  IIR/IIR_stage2/add_42/U20/ZN (OAI21_X1)                 0.04       3.54 r
  IIR/IIR_stage2/add_42/U3/ZN (INV_X1)                    0.02       3.56 f
  IIR/IIR_stage2/add_42/U19/ZN (AOI21_X1)                 0.05       3.61 r
  IIR/IIR_stage2/add_42/U6/ZN (INV_X1)                    0.03       3.64 f
  IIR/IIR_stage2/add_42/U18/ZN (OAI21_X1)                 0.04       3.68 r
  IIR/IIR_stage2/add_42/U17/ZN (OAI21_X1)                 0.04       3.72 f
  IIR/IIR_stage2/add_42/U16/ZN (OAI21_X1)                 0.04       3.76 r
  IIR/IIR_stage2/add_42/U4/ZN (INV_X1)                    0.02       3.78 f
  IIR/IIR_stage2/add_42/U15/ZN (AOI21_X1)                 0.05       3.83 r
  IIR/IIR_stage2/add_42/U7/ZN (INV_X1)                    0.03       3.86 f
  IIR/IIR_stage2/add_42/U14/ZN (OAI21_X1)                 0.04       3.89 r
  IIR/IIR_stage2/add_42/U13/ZN (OAI21_X1)                 0.04       3.93 f
  IIR/IIR_stage2/add_42/U1_37/S (FA_X1)                   0.21       4.14 r
  IIR/IIR_stage2/add_42/SUM[37] (IIR_R1020054732_CO_THETAn868675383_DW01_add_1)
                                                          0.00       4.14 r
  IIR/IIR_stage2/mult_47/a[31] (IIR_R1020054732_CO_THETAn868675383_DW_mult_tc_2)
                                                          0.00       4.14 r
  IIR/IIR_stage2/mult_47/U427/ZN (INV_X1)                 0.11       4.25 f
  IIR/IIR_stage2/mult_47/U188/S (FA_X1)                   0.15       4.41 r
  IIR/IIR_stage2/mult_47/U184/S (FA_X1)                   0.11       4.51 f
  IIR/IIR_stage2/mult_47/U181/S (FA_X1)                   0.13       4.64 r
  IIR/IIR_stage2/mult_47/U180/S (FA_X1)                   0.11       4.75 f
  IIR/IIR_stage2/mult_47/U30/CO (FA_X1)                   0.09       4.84 f
  IIR/IIR_stage2/mult_47/U29/CO (FA_X1)                   0.08       4.92 f
  IIR/IIR_stage2/mult_47/U28/CO (FA_X1)                   0.08       5.00 f
  IIR/IIR_stage2/mult_47/U27/CO (FA_X1)                   0.08       5.08 f
  IIR/IIR_stage2/mult_47/U26/CO (FA_X1)                   0.08       5.17 f
  IIR/IIR_stage2/mult_47/U25/CO (FA_X1)                   0.08       5.25 f
  IIR/IIR_stage2/mult_47/U24/CO (FA_X1)                   0.08       5.33 f
  IIR/IIR_stage2/mult_47/U23/CO (FA_X1)                   0.08       5.41 f
  IIR/IIR_stage2/mult_47/U22/CO (FA_X1)                   0.08       5.49 f
  IIR/IIR_stage2/mult_47/U21/CO (FA_X1)                   0.08       5.57 f
  IIR/IIR_stage2/mult_47/U20/CO (FA_X1)                   0.08       5.65 f
  IIR/IIR_stage2/mult_47/U19/CO (FA_X1)                   0.08       5.74 f
  IIR/IIR_stage2/mult_47/U18/CO (FA_X1)                   0.08       5.82 f
  IIR/IIR_stage2/mult_47/U17/CO (FA_X1)                   0.08       5.90 f
  IIR/IIR_stage2/mult_47/U16/CO (FA_X1)                   0.08       5.98 f
  IIR/IIR_stage2/mult_47/U15/CO (FA_X1)                   0.08       6.06 f
  IIR/IIR_stage2/mult_47/U14/CO (FA_X1)                   0.08       6.14 f
  IIR/IIR_stage2/mult_47/U13/CO (FA_X1)                   0.08       6.22 f
  IIR/IIR_stage2/mult_47/U12/CO (FA_X1)                   0.08       6.31 f
  IIR/IIR_stage2/mult_47/U11/CO (FA_X1)                   0.08       6.39 f
  IIR/IIR_stage2/mult_47/U10/CO (FA_X1)                   0.08       6.47 f
  IIR/IIR_stage2/mult_47/U9/CO (FA_X1)                    0.08       6.55 f
  IIR/IIR_stage2/mult_47/U8/CO (FA_X1)                    0.08       6.63 f
  IIR/IIR_stage2/mult_47/U7/CO (FA_X1)                    0.08       6.71 f
  IIR/IIR_stage2/mult_47/U6/CO (FA_X1)                    0.08       6.79 f
  IIR/IIR_stage2/mult_47/U5/CO (FA_X1)                    0.08       6.88 f
  IIR/IIR_stage2/mult_47/U4/CO (FA_X1)                    0.08       6.96 f
  IIR/IIR_stage2/mult_47/U3/S (FA_X1)                     0.11       7.07 r
  IIR/IIR_stage2/mult_47/product[59] (IIR_R1020054732_CO_THETAn868675383_DW_mult_tc_2)
                                                          0.00       7.07 r
  IIR/IIR_stage2/sub_58/B[30] (IIR_R1020054732_CO_THETAn868675383_DW01_sub_0)
                                                          0.00       7.07 r
  IIR/IIR_stage2/sub_58/U25/ZN (INV_X1)                   0.02       7.10 f
  IIR/IIR_stage2/sub_58/U2_30/S (FA_X1)                   0.12       7.22 r
  IIR/IIR_stage2/sub_58/DIFF[30] (IIR_R1020054732_CO_THETAn868675383_DW01_sub_0)
                                                          0.00       7.22 r
  IIR/IIR_stage2/U26/ZN (NAND2_X1)                        0.03       7.24 f
  IIR/IIR_stage2/U25/ZN (OAI21_X1)                        0.03       7.27 r
  IIR/IIR_stage2/z2_reg[30]/D (DFFR_X1)                   0.01       7.28 r
  data arrival time                                                  7.28

  clock clk_1 (rise edge)                                18.00      18.00
  clock network delay (ideal)                             0.00      18.00
  clock uncertainty                                      -0.35      17.65
  IIR/IIR_stage2/z2_reg[30]/CK (DFFR_X1)                  0.00      17.65 r
  library setup time                                     -0.04      17.61
  data required time                                                17.61
  --------------------------------------------------------------------------
  data required time                                                17.61
  data arrival time                                                 -7.28
  --------------------------------------------------------------------------
  slack (MET)                                                       10.33


1
